Category,Category AR,Name,Name AR,Price,Available
Hot Drinks,مشروبات ساخنة,شاي,شاي,20,TRUE
Hot Drinks,مشروبات ساخنة,شاي أخضر,شاي أخضر,30,TRUE
Hot Drinks,مشروبات ساخنة,نعناع,نعناع,25,TRUE
Hot Drinks,مشروبات ساخنة,ينسون,ينسون,35,TRUE
Hot Drinks,مشروبات ساخنة,شاي باللبن,شاي باللبن,40,TRUE
Hot Drinks,مشروبات ساخنة,سحلب,سحلب,45,TRUE
Hot Drinks,مشروبات ساخنة,تيليو,تيليو,20,TRUE
Hot Drinks,مشروبات ساخنة,قرفة,قرفة,40,TRUE
Hot Drinks,مشروبات ساخنة,زنجبيل,زنجبيل,49,TRUE
Hot Drinks,مشروبات ساخنة,هوت شوكلت,هوت شوكلت,60,TRUE
Coffee drinks,القهوة,كورتادو,كورتادو,45,TRUE
Coffee drinks,القهوة,قهوة تركي,قهوة تركي,30,TRUE
Coffee drinks,القهوة,قهوة تركي مظبوط,قهوة تركي مظبوط,40,TRUE
Coffee drinks,القهوة,قهوة فرنساوي,قهوة فرنساوي,35,TRUE
Coffee drinks,القهوة,قهوة بندق,قهوة بندق,45,TRUE
Coffee drinks,القهوة,اسبريسو,اسبريسو,45,TRUE
Coffee drinks,القهوة,دبل اسبريسو,دبل اسبريسو,50,TRUE
Coffee drinks,القهوة,ميكاتو,ميكاتو,45,TRUE
Coffee drinks,القهوة,كابتشينو,كابتشينو,55,TRUE
Coffee drinks,القهوة,لاتيه,لاتيه,50,TRUE
Coffee drinks,القهوة,موكا,موكا,55,TRUE
Coffee drinks,القهوة,قهوة عربي,قهوة عربي,45,TRUE
Coffee drinks,القهوة,قهوة فرنساوي بندق,قهوة فرنساوي بندق,65,TRUE
Coffee drinks,القهوة,نسكافيه,نسكافيه,50,TRUE
Coffee drinks,القهوة,نسكافيه باللبن,نسكافيه باللبن,60,TRUE
Coffee drinks,القهوة,قهوة باللبن,قهوة باللبن,45,TRUE
Coffee drinks,القهوة,فلات وايت,فلات وايت,65,TRUE
Coffee drinks,القهوة,اسبريسو ميكاتو,اسبريسو ميكاتو,50,TRUE
Coffee drinks,القهوة,كابتشينو كراميل,كابتشينو كراميل,60,TRUE
Coffee drinks,القهوة,لاتيه فانيليا,لاتيه فانيليا,65,TRUE
Coffee drinks,القهوة,موكا وايت,موكا وايت,70,TRUE
Coffee drinks,القهوة,قهوة مثلجة,قهوة مثلجة,70,TRUE
Coffee drinks,القهوة,كابتشينو بندق,كابتشينو بندق,65,TRUE
Coffee drinks,القهوة,لاتيه كراميل,لاتيه كراميل,70,TRUE
Frappe,فرابيه,فرابيه كلاسيك,فرابيه كلاسيك,70,TRUE
Frappe,فرابيه,فرابيه كراميل,فرابيه كراميل,80,TRUE
Frappe,فرابيه,فرابيه شوكولاتة,فرابيه شوكولاتة,80,TRUE
Frappe,فرابيه,فرابيه فانيليا,فرابيه فانيليا,80,TRUE
Frappe,فرابيه,فرابيه موكا,فرابيه موكا,80,TRUE
Frappe,فرابيه,فرابيه لوتس,فرابيه لوتس,100,TRUE
Frappe,فرابيه,فرابيه بندق,فرابيه بندق,90,TRUE
Ice coffee,آيس كوفي,آيس لاتيه,آيس لاتيه,65,TRUE
Ice coffee,آيس كوفي,آيس موكا (دارك - وايت),آيس موكا (دارك - وايت),70,TRUE
Ice coffee,آيس كوفي,آيس كراميل,آيس كراميل,75,TRUE
Ice coffee,آيس كوفي,آيس اسبانيش لاتيه,آيس اسبانيش لاتيه,75,TRUE
Ice coffee,آيس كوفي,آيس لاتيه بندق,آيس لاتيه بندق,70,TRUE
Ice coffee,آيس كوفي,آيس كراميل ميكاتو,آيس كراميل ميكاتو,80,TRUE
Ice coffee,آيس كوفي,آيس موكا شيك,آيس موكا شيك,75,TRUE
Ice coffee,آيس كوفي,آيس لاتيه (لايت),آيس لاتيه (لايت),65,TRUE
Fresh juices,عصائر فريش,برتقال,برتقال,65,TRUE
Fresh juices,عصائر فريش,فراولة,فراولة,60,TRUE
Fresh juices,عصائر فريش,مانجو,مانجو,50,TRUE
Fresh juices,عصائر فريش,جوافة,جوافة,60,TRUE
Fresh juices,عصائر فريش,موز,موز,60,TRUE
Fresh juices,عصائر فريش,ليمون,ليمون,50,TRUE
Fresh juices,عصائر فريش,ليمون نعناع,ليمون نعناع,55,TRUE
Fresh juices,عصائر فريش,رمان,رمان,60,TRUE
Fresh juices,عصائر فريش,بطيخ,بطيخ,60,TRUE
Fresh juices,عصائر فريش,أناناس,أناناس,65,TRUE
Rosa garden,روزا جاردن,روزا ليمون,روزا ليمون,70,TRUE
Rosa garden,روزا جاردن,روزا فراولة,روزا فراولة,75,TRUE
Rosa garden,روزا جاردن,روزا مانجو,روزا مانجو,75,TRUE
Rosa garden,روزا جاردن,روزا بطيخ,روزا بطيخ,75,TRUE
Rosa garden,روزا جاردن,روزا توت,روزا توت,75,TRUE
Rosa garden,روزا جاردن,روزا أناناس,روزا أناناس,70,TRUE
Rosa garden,روزا جاردن,روزا مشكل,روزا مشكل,75,TRUE
Rosa garden,روزا جاردن,روزا كيوي,روزا كيوي,80,TRUE
Smoothie,سموذي,سموذي فراولة,سموذي فراولة,60,TRUE
Smoothie,سموذي,سموذي مانجو,سموذي مانجو,60,TRUE
Smoothie,سموذي,سموذي موز,سموذي موز,65,TRUE
Smoothie,سموذي,سموذي توت,سموذي توت,65,TRUE
Smoothie,سموذي,سموذي خوخ,سموذي خوخ,65,TRUE
Smoothie,سموذي,سموذي أناناس,سموذي أناناس,65,TRUE
Smoothie,سموذي,سموذي كيوي,سموذي كيوي,65,TRUE
Smoothie,سموذي,سموذي بطيخ نعناع,سموذي بطيخ نعناع,65,TRUE
Smoothie,سموذي,سموذي فراولة موز,سموذي فراولة موز,65,TRUE
Smoothie,سموذي,سموذي مانجو خوخ,سموذي مانجو خوخ,70,TRUE
Smoothie,سموذي,سموذي توت مشكل,سموذي توت مشكل,70,TRUE
Smoothie,سموذي,سموذي أفوكادو,سموذي أفوكادو,70,TRUE
Smoothie,سموذي,سموذي تمر,سموذي تمر,65,TRUE
Smoothie,سموذي,سموذي قهوة,سموذي قهوة,70,TRUE
Mojito,موهيتو,موهيتو كلاسيك,موهيتو كلاسيك,60,TRUE
Mojito,موهيتو,موهيتو فراولة,موهيتو فراولة,65,TRUE
Mojito,موهيتو,موهيتو مانجو,موهيتو مانجو,65,TRUE
Mojito,موهيتو,موهيتو باشن,موهيتو باشن,65,TRUE
Mojito,موهيتو,موهيتو توت,موهيتو توت,70,TRUE
Mojito,موهيتو,موهيتو نعناع,موهيتو نعناع,65,TRUE
Mojito,موهيتو,موهيتو ليمون,موهيتو ليمون,65,TRUE
Mojito,موهيتو,موهيتو خوخ,موهيتو خوخ,65,TRUE
Mojito,موهيتو,موهيتو كيوي,موهيتو كيوي,65,TRUE
Mojito,موهيتو,موهيتو أناناس,موهيتو أناناس,65,TRUE
Mojito,موهيتو,موهيتو بطيخ,موهيتو بطيخ,65,TRUE
Mojito,موهيتو,موهيتو تفاح,موهيتو تفاح,65,TRUE
redbull,ريدبول,ريدبول,ريدبول,120,TRUE
redbull,ريدبول,ريدبول (فراولة - توت - خوخ),ريدبول (فراولة - توت - خوخ),120,TRUE
Milkshakes,ميلك شيك,ميلك شيك فانيليا,ميلك شيك فانيليا,60,TRUE
Milkshakes,ميلك شيك,ميلك شيك شوكولاتة,ميلك شيك شوكولاتة,65,TRUE
Milkshakes,ميلك شيك,ميلك شيك فراولة,ميلك شيك فراولة,65,TRUE
Milkshakes,ميلك شيك,ميلك شيك مانجو,ميلك شيك مانجو,65,TRUE
Milkshakes,ميلك شيك,ميلك شيك كراميل,ميلك شيك كراميل,65,TRUE
Milkshakes,ميلك شيك,ميلك شيك لوتس,ميلك شيك لوتس,65,TRUE
Milkshakes,ميلك شيك,ميلك شيك أوريو,ميلك شيك أوريو,65,TRUE
Milkshakes,ميلك شيك,ميلك شيك كيوي,ميلك شيك كيوي,65,TRUE
Milkshakes,ميلك شيك,ميلك شيك قهوة,ميلك شيك قهوة,70,TRUE
Milkshakes,ميلك شيك,ميلك شيك بندق,ميلك شيك بندق,80,TRUE
desserts,حلويات,تشيز كيك,تشيز كيك,60,TRUE
desserts,حلويات,مولتن كيك,مولتن كيك,70,TRUE
desserts,حلويات,سينابون,سينابون,70,TRUE
desserts,حلويات,وافل,وافل,80,TRUE
desserts,حلويات,بان كيك,بان كيك,100,TRUE
desserts,حلويات,كوكيز,كوكيز,80,TRUE
desserts,حلويات,براونيز,براونيز,120,TRUE
desserts,حلويات,أم علي,أم علي,60,TRUE
Extra,إضافات,إضافة شوت اسبريسو,إضافة شوت اسبريسو,30,TRUE
Extra,إضافات,إضافة لبن,إضافة لبن,20,TRUE
Extra,إضافات,إضافة كريمة,إضافة كريمة,20,TRUE
Extra,إضافات,إضافة صوص كراميل,إضافة صوص كراميل,15,TRUE
Extra,إضافات,إضافة صوص شوكولاتة,إضافة صوص شوكولاتة,15,TRUE
Extra,إضافات,إضافة فانيليا,إضافة فانيليا,15,TRUE
Extra,إضافات,إضافة بندق,إضافة بندق,25,TRUE
Extra,إضافات,إضافة كراميل,إضافة كراميل,20,TRUE
Extra,إضافات,إضافة مارشميلو,إضافة مارشميلو,15,TRUE
Extra,إضافات,إضافة قرفة,إضافة قرفة,15,TRUE
Extra,إضافات,إضافة لوتس,إضافة لوتس,30,TRUE
Extra,إضافات,إضافة أوريو,إضافة أوريو,30,TRUE
Rosa Garden Specials,روزا سبيشيال,بينك أثينا,بينك أثينا,115,TRUE
Rosa Garden Specials,روزا سبيشيال,سانتوريني لافندر,سانتوريني لافندر,120,TRUE
Rosa Garden Specials,روزا سبيشيال,ميديترينيان صن ست,ميديترينيان صن ست,125,TRUE
Rosa Garden Specials,روزا سبيشيال,جريك جاردن موهيتو,جريك جاردن موهيتو,125,TRUE
Rosa Garden Specials,روزا سبيشيال,بلو ميكونوس,بلو ميكونوس,120,TRUE
Rosa Garden Specials,روزا سبيشيال,بيري بلوسوم,بيري بلوسوم,125,TRUE
Rosa Garden Specials,روزا سبيشيال,كلاود روزا,كلاود روزا,145,TRUE
Rosa Garden Specials,روزا سبيشيال,هاني ليمون بريز,هاني ليمون بريز,155,TRUE
Rosa Garden Specials,روزا سبيشيال,أوليف جاردن سانجريا,أوليف جاردن سانجريا,110,TRUE
Rosa Garden Specials,روزا سبيشيال,روزا دريم,روزا دريم,135,TRUE
Chocolate,شوكولاتة,هوت شوكلت,هوت شوكلت,165,TRUE
Chocolate,شوكولاتة,دارك شوكلت أورانج,دارك شوكلت أورانج,155,TRUE
Chocolate,شوكولاتة,مينت شوكلت,مينت شوكلت,160,TRUE
Chocolate,شوكولاتة,وايت شوكلت بيري,وايت شوكلت بيري,165,TRUE
Chocolate,شوكولاتة,لوتس شوكلت,لوتس شوكلت,170,TRUE
Chocolate,شوكولاتة,بينو جاردن شوكلت,بينو جاردن شوكلت,180,TRUE
Colored Hot Drinks,مشروبات ملونة,بينك روز لاتيه,بينك روز لاتيه,125,TRUE
Colored Hot Drinks,مشروبات ملونة,لافندر لاتيه,لافندر لاتيه,125,TRUE
Colored Hot Drinks,مشروبات ملونة,بلو باترفلاي لاتيه,بلو باترفلاي لاتيه,130,TRUE
Colored Hot Drinks,مشروبات ملونة,بيستاشيو لاتيه,بيستاشيو لاتيه,145,TRUE
Colored Hot Drinks,مشروبات ملونة,موكا لاتيه,موكا لاتيه,135,TRUE

# Modifiers — import via API (item_name | group | option | price)
item_name,group,group_ar,option,option_ar,price,min,max
شاي,السكر,السكر,سادة,سادة,0,0,1
شاي,السكر,السكر,مظبوط,مظبوط,0,0,1
شاي,السكر,السكر,زيادة,زيادة,0,0,1
شاي,السكر,السكر,سكر خفيف,سكر خفيف,0,0,1
شاي,إضافات,إضافات,إضافة شوت اسبريسو,إضافة شوت اسبريسو,30,0,5
شاي,إضافات,إضافات,إضافة لبن,إضافة لبن,20,0,5
شاي,إضافات,إضافات,إضافة كريمة,إضافة كريمة,20,0,5
شاي,إضافات,إضافات,إضافة صوص كراميل,إضافة صوص كراميل,15,0,5
شاي,إضافات,إضافات,إضافة صوص شوكولاتة,إضافة صوص شوكولاتة,15,0,5
شاي,إضافات,إضافات,إضافة فانيليا,إضافة فانيليا,15,0,5
شاي,إضافات,إضافات,إضافة بندق,إضافة بندق,25,0,5
شاي,إضافات,إضافات,إضافة كراميل,إضافة كراميل,20,0,5
شاي,إضافات,إضافات,إضافة مارشميلو,إضافة مارشميلو,15,0,5
شاي,إضافات,إضافات,إضافة قرفة,إضافة قرفة,15,0,5
شاي,إضافات,إضافات,إضافة لوتس,إضافة لوتس,30,0,5
شاي,إضافات,إضافات,إضافة أوريو,إضافة أوريو,30,0,5
شاي أخضر,السكر,السكر,سادة,سادة,0,0,1
شاي أخضر,السكر,السكر,مظبوط,مظبوط,0,0,1
شاي أخضر,السكر,السكر,زيادة,زيادة,0,0,1
شاي أخضر,السكر,السكر,سكر خفيف,سكر خفيف,0,0,1
شاي أخضر,إضافات,إضافات,إضافة شوت اسبريسو,إضافة شوت اسبريسو,30,0,5
شاي أخضر,إضافات,إضافات,إضافة لبن,إضافة لبن,20,0,5
شاي أخضر,إضافات,إضافات,إضافة كريمة,إضافة كريمة,20,0,5
شاي أخضر,إضافات,إضافات,إضافة صوص كراميل,إضافة صوص كراميل,15,0,5
شاي أخضر,إضافات,إضافات,إضافة صوص شوكولاتة,إضافة صوص شوكولاتة,15,0,5
شاي أخضر,إضافات,إضافات,إضافة فانيليا,إضافة فانيليا,15,0,5
شاي أخضر,إضافات,إضافات,إضافة بندق,إضافة بندق,25,0,5
شاي أخضر,إضافات,إضافات,إضافة كراميل,إضافة كراميل,20,0,5
شاي أخضر,إضافات,إضافات,إضافة مارشميلو,إضافة مارشميلو,15,0,5
شاي أخضر,إضافات,إضافات,إضافة قرفة,إضافة قرفة,15,0,5
شاي أخضر,إضافات,إضافات,إضافة لوتس,إضافة لوتس,30,0,5
شاي أخضر,إضافات,إضافات,إضافة أوريو,إضافة أوريو,30,0,5
نعناع,السكر,السكر,سادة,سادة,0,0,1
نعناع,السكر,السكر,مظبوط,مظبوط,0,0,1
نعناع,السكر,السكر,زيادة,زيادة,0,0,1
نعناع,السكر,السكر,سكر خفيف,سكر خفيف,0,0,1
نعناع,إضافات,إضافات,إضافة شوت اسبريسو,إضافة شوت اسبريسو,30,0,5
نعناع,إضافات,إضافات,إضافة لبن,إضافة لبن,20,0,5
نعناع,إضافات,إضافات,إضافة كريمة,إضافة كريمة,20,0,5
نعناع,إضافات,إضافات,إضافة صوص كراميل,إضافة صوص كراميل,15,0,5
نعناع,إضافات,إضافات,إضافة صوص شوكولاتة,إضافة صوص شوكولاتة,15,0,5
نعناع,إضافات,إضافات,إضافة فانيليا,إضافة فانيليا,15,0,5
نعناع,إضافات,إضافات,إضافة بندق,إضافة بندق,25,0,5
نعناع,إضافات,إضافات,إضافة كراميل,إضافة كراميل,20,0,5
نعناع,إضافات,إضافات,إضافة مارشميلو,إضافة مارشميلو,15,0,5
نعناع,إضافات,إضافات,إضافة قرفة,إضافة قرفة,15,0,5
نعناع,إضافات,إضافات,إضافة لوتس,إضافة لوتس,30,0,5
نعناع,إضافات,إضافات,إضافة أوريو,إضافة أوريو,30,0,5
ينسون,السكر,السكر,سادة,سادة,0,0,1
ينسون,السكر,السكر,مظبوط,مظبوط,0,0,1
ينسون,السكر,السكر,زيادة,زيادة,0,0,1
ينسون,السكر,السكر,سكر خفيف,سكر خفيف,0,0,1
ينسون,إضافات,إضافات,إضافة شوت اسبريسو,إضافة شوت اسبريسو,30,0,5
ينسون,إضافات,إضافات,إضافة لبن,إضافة لبن,20,0,5
ينسون,إضافات,إضافات,إضافة كريمة,إضافة كريمة,20,0,5
ينسون,إضافات,إضافات,إضافة صوص كراميل,إضافة صوص كراميل,15,0,5
ينسون,إضافات,إضافات,إضافة صوص شوكولاتة,إضافة صوص شوكولاتة,15,0,5
ينسون,إضافات,إضافات,إضافة فانيليا,إضافة فانيليا,15,0,5
ينسون,إضافات,إضافات,إضافة بندق,إضافة بندق,25,0,5
ينسون,إضافات,إضافات,إضافة كراميل,إضافة كراميل,20,0,5
ينسون,إضافات,إضافات,إضافة مارشميلو,إضافة مارشميلو,15,0,5
ينسون,إضافات,إضافات,إضافة قرفة,إضافة قرفة,15,0,5
ينسون,إضافات,إضافات,إضافة لوتس,إضافة لوتس,30,0,5
ينسون,إضافات,إضافات,إضافة أوريو,إضافة أوريو,30,0,5
شاي باللبن,السكر,السكر,سادة,سادة,0,0,1
شاي باللبن,السكر,السكر,مظبوط,مظبوط,0,0,1
شاي باللبن,السكر,السكر,زيادة,زيادة,0,0,1
شاي باللبن,السكر,السكر,سكر خفيف,سكر خفيف,0,0,1
شاي باللبن,إضافات,إضافات,إضافة شوت اسبريسو,إضافة شوت اسبريسو,30,0,5
شاي باللبن,إضافات,إضافات,إضافة لبن,إضافة لبن,20,0,5
شاي باللبن,إضافات,إضافات,إضافة كريمة,إضافة كريمة,20,0,5
شاي باللبن,إضافات,إضافات,إضافة صوص كراميل,إضافة صوص كراميل,15,0,5
شاي باللبن,إضافات,إضافات,إضافة صوص شوكولاتة,إضافة صوص شوكولاتة,15,0,5
شاي باللبن,إضافات,إضافات,إضافة فانيليا,إضافة فانيليا,15,0,5
شاي باللبن,إضافات,إضافات,إضافة بندق,إضافة بندق,25,0,5
شاي باللبن,إضافات,إضافات,إضافة كراميل,إضافة كراميل,20,0,5
شاي باللبن,إضافات,إضافات,إضافة مارشميلو,إضافة مارشميلو,15,0,5
شاي باللبن,إضافات,إضافات,إضافة قرفة,إضافة قرفة,15,0,5
شاي باللبن,إضافات,إضافات,إضافة لوتس,إضافة لوتس,30,0,5
شاي باللبن,إضافات,إضافات,إضافة أوريو,إضافة أوريو,30,0,5
سحلب,السكر,السكر,سادة,سادة,0,0,1
سحلب,السكر,السكر,مظبوط,مظبوط,0,0,1
سحلب,السكر,السكر,زيادة,زيادة,0,0,1
سحلب,السكر,السكر,سكر خفيف,سكر خفيف,0,0,1
سحلب,إضافات,إضافات,إضافة شوت اسبريسو,إضافة شوت اسبريسو,30,0,5
سحلب,إضافات,إضافات,إضافة لبن,إضافة لبن,20,0,5
سحلب,إضافات,إضافات,إضافة كريمة,إضافة كريمة,20,0,5
سحلب,إضافات,إضافات,إضافة صوص كراميل,إضافة صوص كراميل,15,0,5
سحلب,إضافات,إضافات,إضافة صوص شوكولاتة,إضافة صوص شوكولاتة,15,0,5
سحلب,إضافات,إضافات,إضافة فانيليا,إضافة فانيليا,15,0,5
سحلب,إضافات,إضافات,إضافة بندق,إضافة بندق,25,0,5
سحلب,إضافات,إضافات,إضافة كراميل,إضافة كراميل,20,0,5
سحلب,إضافات,إضافات,إضافة مارشميلو,إضافة مارشميلو,15,0,5
سحلب,إضافات,إضافات,إضافة قرفة,إضافة قرفة,15,0,5
سحلب,إضافات,إضافات,إضافة لوتس,إضافة لوتس,30,0,5
سحلب,إضافات,إضافات,إضافة أوريو,إضافة أوريو,30,0,5
تيليو,السكر,السكر,سادة,سادة,0,0,1
تيليو,السكر,السكر,مظبوط,مظبوط,0,0,1
تيليو,السكر,السكر,زيادة,زيادة,0,0,1
تيليو,السكر,السكر,سكر خفيف,سكر خفيف,0,0,1
تيليو,إضافات,إضافات,إضافة شوت اسبريسو,إضافة شوت اسبريسو,30,0,5
تيليو,إضافات,إضافات,إضافة لبن,إضافة لبن,20,0,5
تيليو,إضافات,إضافات,إضافة كريمة,إضافة كريمة,20,0,5
تيليو,إضافات,إضافات,إضافة صوص كراميل,إضافة صوص كراميل,15,0,5
تيليو,إضافات,إضافات,إضافة صوص شوكولاتة,إضافة صوص شوكولاتة,15,0,5
تيليو,إضافات,إضافات,إضافة فانيليا,إضافة فانيليا,15,0,5
تيليو,إضافات,إضافات,إضافة بندق,إضافة بندق,25,0,5
تيليو,إضافات,إضافات,إضافة كراميل,إضافة كراميل,20,0,5
تيليو,إضافات,إضافات,إضافة مارشميلو,إضافة مارشميلو,15,0,5
تيليو,إضافات,إضافات,إضافة قرفة,إضافة قرفة,15,0,5
تيليو,إضافات,إضافات,إضافة لوتس,إضافة لوتس,30,0,5
تيليو,إضافات,إضافات,إضافة أوريو,إضافة أوريو,30,0,5
قرفة,السكر,السكر,سادة,سادة,0,0,1
قرفة,السكر,السكر,مظبوط,مظبوط,0,0,1
قرفة,السكر,السكر,زيادة,زيادة,0,0,1
قرفة,السكر,السكر,سكر خفيف,سكر خفيف,0,0,1
قرفة,إضافات,إضافات,إضافة شوت اسبريسو,إضافة شوت اسبريسو,30,0,5
قرفة,إضافات,إضافات,إضافة لبن,إضافة لبن,20,0,5
قرفة,إضافات,إضافات,إضافة كريمة,إضافة كريمة,20,0,5
قرفة,إضافات,إضافات,إضافة صوص كراميل,إضافة صوص كراميل,15,0,5
قرفة,إضافات,إضافات,إضافة صوص شوكولاتة,إضافة صوص شوكولاتة,15,0,5
قرفة,إضافات,إضافات,إضافة فانيليا,إضافة فانيليا,15,0,5
قرفة,إضافات,إضافات,إضافة بندق,إضافة بندق,25,0,5
قرفة,إضافات,إضافات,إضافة كراميل,إضافة كراميل,20,0,5
قرفة,إضافات,إضافات,إضافة مارشميلو,إضافة مارشميلو,15,0,5
قرفة,إضافات,إضافات,إضافة قرفة,إضافة قرفة,15,0,5
قرفة,إضافات,إضافات,إضافة لوتس,إضافة لوتس,30,0,5
قرفة,إضافات,إضافات,إضافة أوريو,إضافة أوريو,30,0,5
زنجبيل,السكر,السكر,سادة,سادة,0,0,1
زنجبيل,السكر,السكر,مظبوط,مظبوط,0,0,1
زنجبيل,السكر,السكر,زيادة,زيادة,0,0,1
زنجبيل,السكر,السكر,سكر خفيف,سكر خفيف,0,0,1
زنجبيل,إضافات,إضافات,إضافة شوت اسبريسو,إضافة شوت اسبريسو,30,0,5
زنجبيل,إضافات,إضافات,إضافة لبن,إضافة لبن,20,0,5
زنجبيل,إضافات,إضافات,إضافة كريمة,إضافة كريمة,20,0,5
زنجبيل,إضافات,إضافات,إضافة صوص كراميل,إضافة صوص كراميل,15,0,5
زنجبيل,إضافات,إضافات,إضافة صوص شوكولاتة,إضافة صوص شوكولاتة,15,0,5
زنجبيل,إضافات,إضافات,إضافة فانيليا,إضافة فانيليا,15,0,5
زنجبيل,إضافات,إضافات,إضافة بندق,إضافة بندق,25,0,5
زنجبيل,إضافات,إضافات,إضافة كراميل,إضافة كراميل,20,0,5
زنجبيل,إضافات,إضافات,إضافة مارشميلو,إضافة مارشميلو,15,0,5
زنجبيل,إضافات,إضافات,إضافة قرفة,إضافة قرفة,15,0,5
زنجبيل,إضافات,إضافات,إضافة لوتس,إضافة لوتس,30,0,5
زنجبيل,إضافات,إضافات,إضافة أوريو,إضافة أوريو,30,0,5
هوت شوكلت,السكر,السكر,سادة,سادة,0,0,1
هوت شوكلت,السكر,السكر,مظبوط,مظبوط,0,0,1
هوت شوكلت,السكر,السكر,زيادة,زيادة,0,0,1
هوت شوكلت,السكر,السكر,سكر خفيف,سكر خفيف,0,0,1
هوت شوكلت,إضافات,إضافات,إضافة شوت اسبريسو,إضافة شوت اسبريسو,30,0,5
هوت شوكلت,إضافات,إضافات,إضافة لبن,إضافة لبن,20,0,5
هوت شوكلت,إضافات,إضافات,إضافة كريمة,إضافة كريمة,20,0,5
هوت شوكلت,إضافات,إضافات,إضافة صوص كراميل,إضافة صوص كراميل,15,0,5
هوت شوكلت,إضافات,إضافات,إضافة صوص شوكولاتة,إضافة صوص شوكولاتة,15,0,5
هوت شوكلت,إضافات,إضافات,إضافة فانيليا,إضافة فانيليا,15,0,5
هوت شوكلت,إضافات,إضافات,إضافة بندق,إضافة بندق,25,0,5
هوت شوكلت,إضافات,إضافات,إضافة كراميل,إضافة كراميل,20,0,5
هوت شوكلت,إضافات,إضافات,إضافة مارشميلو,إضافة مارشميلو,15,0,5
هوت شوكلت,إضافات,إضافات,إضافة قرفة,إضافة قرفة,15,0,5
هوت شوكلت,إضافات,إضافات,إضافة لوتس,إضافة لوتس,30,0,5
هوت شوكلت,إضافات,إضافات,إضافة أوريو,إضافة أوريو,30,0,5
كورتادو,السكر,السكر,سادة,سادة,0,0,1
كورتادو,السكر,السكر,مظبوط,مظبوط,0,0,1
كورتادو,السكر,السكر,زيادة,زيادة,0,0,1
كورتادو,السكر,السكر,سكر خفيف,سكر خفيف,0,0,1
كورتادو,إضافات,إضافات,إضافة شوت اسبريسو,إضافة شوت اسبريسو,30,0,5
كورتادو,إضافات,إضافات,إضافة لبن,إضافة لبن,20,0,5
كورتادو,إضافات,إضافات,إضافة كريمة,إضافة كريمة,20,0,5
كورتادو,إضافات,إضافات,إضافة صوص كراميل,إضافة صوص كراميل,15,0,5
كورتادو,إضافات,إضافات,إضافة صوص شوكولاتة,إضافة صوص شوكولاتة,15,0,5
كورتادو,إضافات,إضافات,إضافة فانيليا,إضافة فانيليا,15,0,5
كورتادو,إضافات,إضافات,إضافة بندق,إضافة بندق,25,0,5
كورتادو,إضافات,إضافات,إضافة كراميل,إضافة كراميل,20,0,5
كورتادو,إضافات,إضافات,إضافة مارشميلو,إضافة مارشميلو,15,0,5
كورتادو,إضافات,إضافات,إضافة قرفة,إضافة قرفة,15,0,5
كورتادو,إضافات,إضافات,إضافة لوتس,إضافة لوتس,30,0,5
كورتادو,إضافات,إضافات,إضافة أوريو,إضافة أوريو,30,0,5
قهوة تركي,السكر,السكر,سادة,سادة,0,0,1
قهوة تركي,السكر,السكر,مظبوط,مظبوط,0,0,1
قهوة تركي,السكر,السكر,زيادة,زيادة,0,0,1
قهوة تركي,السكر,السكر,سكر خفيف,سكر خفيف,0,0,1
قهوة تركي,إضافات,إضافات,إضافة شوت اسبريسو,إضافة شوت اسبريسو,30,0,5
قهوة تركي,إضافات,إضافات,إضافة لبن,إضافة لبن,20,0,5
قهوة تركي,إضافات,إضافات,إضافة كريمة,إضافة كريمة,20,0,5
قهوة تركي,إضافات,إضافات,إضافة صوص كراميل,إضافة صوص كراميل,15,0,5
قهوة تركي,إضافات,إضافات,إضافة صوص شوكولاتة,إضافة صوص شوكولاتة,15,0,5
قهوة تركي,إضافات,إضافات,إضافة فانيليا,إضافة فانيليا,15,0,5
قهوة تركي,إضافات,إضافات,إضافة بندق,إضافة بندق,25,0,5
قهوة تركي,إضافات,إضافات,إضافة كراميل,إضافة كراميل,20,0,5
قهوة تركي,إضافات,إضافات,إضافة مارشميلو,إضافة مارشميلو,15,0,5
قهوة تركي,إضافات,إضافات,إضافة قرفة,إضافة قرفة,15,0,5
قهوة تركي,إضافات,إضافات,إضافة لوتس,إضافة لوتس,30,0,5
قهوة تركي,إضافات,إضافات,إضافة أوريو,إضافة أوريو,30,0,5
قهوة تركي مظبوط,السكر,السكر,سادة,سادة,0,0,1
قهوة تركي مظبوط,السكر,السكر,مظبوط,مظبوط,0,0,1
قهوة تركي مظبوط,السكر,السكر,زيادة,زيادة,0,0,1
قهوة تركي مظبوط,السكر,السكر,سكر خفيف,سكر خفيف,0,0,1
قهوة تركي مظبوط,إضافات,إضافات,إضافة شوت اسبريسو,إضافة شوت اسبريسو,30,0,5
قهوة تركي مظبوط,إضافات,إضافات,إضافة لبن,إضافة لبن,20,0,5
قهوة تركي مظبوط,إضافات,إضافات,إضافة كريمة,إضافة كريمة,20,0,5
قهوة تركي مظبوط,إضافات,إضافات,إضافة صوص كراميل,إضافة صوص كراميل,15,0,5
قهوة تركي مظبوط,إضافات,إضافات,إضافة صوص شوكولاتة,إضافة صوص شوكولاتة,15,0,5
قهوة تركي مظبوط,إضافات,إضافات,إضافة فانيليا,إضافة فانيليا,15,0,5
قهوة تركي مظبوط,إضافات,إضافات,إضافة بندق,إضافة بندق,25,0,5
قهوة تركي مظبوط,إضافات,إضافات,إضافة كراميل,إضافة كراميل,20,0,5
قهوة تركي مظبوط,إضافات,إضافات,إضافة مارشميلو,إضافة مارشميلو,15,0,5
قهوة تركي مظبوط,إضافات,إضافات,إضافة قرفة,إضافة قرفة,15,0,5
قهوة تركي مظبوط,إضافات,إضافات,إضافة لوتس,إضافة لوتس,30,0,5
قهوة تركي مظبوط,إضافات,إضافات,إضافة أوريو,إضافة أوريو,30,0,5
قهوة فرنساوي,السكر,السكر,سادة,سادة,0,0,1
قهوة فرنساوي,السكر,السكر,مظبوط,مظبوط,0,0,1
قهوة فرنساوي,السكر,السكر,زيادة,زيادة,0,0,1
قهوة فرنساوي,السكر,السكر,سكر خفيف,سكر خفيف,0,0,1
قهوة فرنساوي,إضافات,إضافات,إضافة شوت اسبريسو,إضافة شوت اسبريسو,30,0,5
قهوة فرنساوي,إضافات,إضافات,إضافة لبن,إضافة لبن,20,0,5
قهوة فرنساوي,إضافات,إضافات,إضافة كريمة,إضافة كريمة,20,0,5
قهوة فرنساوي,إضافات,إضافات,إضافة صوص كراميل,إضافة صوص كراميل,15,0,5
قهوة فرنساوي,إضافات,إضافات,إضافة صوص شوكولاتة,إضافة صوص شوكولاتة,15,0,5
قهوة فرنساوي,إضافات,إضافات,إضافة فانيليا,إضافة فانيليا,15,0,5
قهوة فرنساوي,إضافات,إضافات,إضافة بندق,إضافة بندق,25,0,5
قهوة فرنساوي,إضافات,إضافات,إضافة كراميل,إضافة كراميل,20,0,5
قهوة فرنساوي,إضافات,إضافات,إضافة مارشميلو,إضافة مارشميلو,15,0,5
قهوة فرنساوي,إضافات,إضافات,إضافة قرفة,إضافة قرفة,15,0,5
قهوة فرنساوي,إضافات,إضافات,إضافة لوتس,إضافة لوتس,30,0,5
قهوة فرنساوي,إضافات,إضافات,إضافة أوريو,إضافة أوريو,30,0,5
قهوة بندق,السكر,السكر,سادة,سادة,0,0,1
قهوة بندق,السكر,السكر,مظبوط,مظبوط,0,0,1
قهوة بندق,السكر,السكر,زيادة,زيادة,0,0,1
قهوة بندق,السكر,السكر,سكر خفيف,سكر خفيف,0,0,1
قهوة بندق,إضافات,إضافات,إضافة شوت اسبريسو,إضافة شوت اسبريسو,30,0,5
قهوة بندق,إضافات,إضافات,إضافة لبن,إضافة لبن,20,0,5
قهوة بندق,إضافات,إضافات,إضافة كريمة,إضافة كريمة,20,0,5
قهوة بندق,إضافات,إضافات,إضافة صوص كراميل,إضافة صوص كراميل,15,0,5
قهوة بندق,إضافات,إضافات,إضافة صوص شوكولاتة,إضافة صوص شوكولاتة,15,0,5
قهوة بندق,إضافات,إضافات,إضافة فانيليا,إضافة فانيليا,15,0,5
قهوة بندق,إضافات,إضافات,إضافة بندق,إضافة بندق,25,0,5
قهوة بندق,إضافات,إضافات,إضافة كراميل,إضافة كراميل,20,0,5
قهوة بندق,إضافات,إضافات,إضافة مارشميلو,إضافة مارشميلو,15,0,5
قهوة بندق,إضافات,إضافات,إضافة قرفة,إضافة قرفة,15,0,5
قهوة بندق,إضافات,إضافات,إضافة لوتس,إضافة لوتس,30,0,5
قهوة بندق,إضافات,إضافات,إضافة أوريو,إضافة أوريو,30,0,5
اسبريسو,السكر,السكر,سادة,سادة,0,0,1
اسبريسو,السكر,السكر,مظبوط,مظبوط,0,0,1
اسبريسو,السكر,السكر,زيادة,زيادة,0,0,1
اسبريسو,السكر,السكر,سكر خفيف,سكر خفيف,0,0,1
اسبريسو,إضافات,إضافات,إضافة شوت اسبريسو,إضافة شوت اسبريسو,30,0,5
اسبريسو,إضافات,إضافات,إضافة لبن,إضافة لبن,20,0,5
اسبريسو,إضافات,إضافات,إضافة كريمة,إضافة كريمة,20,0,5
اسبريسو,إضافات,إضافات,إضافة صوص كراميل,إضافة صوص كراميل,15,0,5
اسبريسو,إضافات,إضافات,إضافة صوص شوكولاتة,إضافة صوص شوكولاتة,15,0,5
اسبريسو,إضافات,إضافات,إضافة فانيليا,إضافة فانيليا,15,0,5
اسبريسو,إضافات,إضافات,إضافة بندق,إضافة بندق,25,0,5
اسبريسو,إضافات,إضافات,إضافة كراميل,إضافة كراميل,20,0,5
اسبريسو,إضافات,إضافات,إضافة مارشميلو,إضافة مارشميلو,15,0,5
اسبريسو,إضافات,إضافات,إضافة قرفة,إضافة قرفة,15,0,5
اسبريسو,إضافات,إضافات,إضافة لوتس,إضافة لوتس,30,0,5
اسبريسو,إضافات,إضافات,إضافة أوريو,إضافة أوريو,30,0,5
دبل اسبريسو,السكر,السكر,سادة,سادة,0,0,1
دبل اسبريسو,السكر,السكر,مظبوط,مظبوط,0,0,1
دبل اسبريسو,السكر,السكر,زيادة,زيادة,0,0,1
دبل اسبريسو,السكر,السكر,سكر خفيف,سكر خفيف,0,0,1
دبل اسبريسو,إضافات,إضافات,إضافة شوت اسبريسو,إضافة شوت اسبريسو,30,0,5
دبل اسبريسو,إضافات,إضافات,إضافة لبن,إضافة لبن,20,0,5
دبل اسبريسو,إضافات,إضافات,إضافة كريمة,إضافة كريمة,20,0,5
دبل اسبريسو,إضافات,إضافات,إضافة صوص كراميل,إضافة صوص كراميل,15,0,5
دبل اسبريسو,إضافات,إضافات,إضافة صوص شوكولاتة,إضافة صوص شوكولاتة,15,0,5
دبل اسبريسو,إضافات,إضافات,إضافة فانيليا,إضافة فانيليا,15,0,5
دبل اسبريسو,إضافات,إضافات,إضافة بندق,إضافة بندق,25,0,5
دبل اسبريسو,إضافات,إضافات,إضافة كراميل,إضافة كراميل,20,0,5
دبل اسبريسو,إضافات,إضافات,إضافة مارشميلو,إضافة مارشميلو,15,0,5
دبل اسبريسو,إضافات,إضافات,إضافة قرفة,إضافة قرفة,15,0,5
دبل اسبريسو,إضافات,إضافات,إضافة لوتس,إضافة لوتس,30,0,5
دبل اسبريسو,إضافات,إضافات,إضافة أوريو,إضافة أوريو,30,0,5
ميكاتو,السكر,السكر,سادة,سادة,0,0,1
ميكاتو,السكر,السكر,مظبوط,مظبوط,0,0,1
ميكاتو,السكر,السكر,زيادة,زيادة,0,0,1
ميكاتو,السكر,السكر,سكر خفيف,سكر خفيف,0,0,1
ميكاتو,إضافات,إضافات,إضافة شوت اسبريسو,إضافة شوت اسبريسو,30,0,5
ميكاتو,إضافات,إضافات,إضافة لبن,إضافة لبن,20,0,5
ميكاتو,إضافات,إضافات,إضافة كريمة,إضافة كريمة,20,0,5
ميكاتو,إضافات,إضافات,إضافة صوص كراميل,إضافة صوص كراميل,15,0,5
ميكاتو,إضافات,إضافات,إضافة صوص شوكولاتة,إضافة صوص شوكولاتة,15,0,5
ميكاتو,إضافات,إضافات,إضافة فانيليا,إضافة فانيليا,15,0,5
ميكاتو,إضافات,إضافات,إضافة بندق,إضافة بندق,25,0,5
ميكاتو,إضافات,إضافات,إضافة كراميل,إضافة كراميل,20,0,5
ميكاتو,إضافات,إضافات,إضافة مارشميلو,إضافة مارشميلو,15,0,5
ميكاتو,إضافات,إضافات,إضافة قرفة,إضافة قرفة,15,0,5
ميكاتو,إضافات,إضافات,إضافة لوتس,إضافة لوتس,30,0,5
ميكاتو,إضافات,إضافات,إضافة أوريو,إضافة أوريو,30,0,5
كابتشينو,السكر,السكر,سادة,سادة,0,0,1
كابتشينو,السكر,السكر,مظبوط,مظبوط,0,0,1
كابتشينو,السكر,السكر,زيادة,زيادة,0,0,1
كابتشينو,السكر,السكر,سكر خفيف,سكر خفيف,0,0,1
كابتشينو,إضافات,إضافات,إضافة شوت اسبريسو,إضافة شوت اسبريسو,30,0,5
كابتشينو,إضافات,إضافات,إضافة لبن,إضافة لبن,20,0,5
كابتشينو,إضافات,إضافات,إضافة كريمة,إضافة كريمة,20,0,5
كابتشينو,إضافات,إضافات,إضافة صوص كراميل,إضافة صوص كراميل,15,0,5
كابتشينو,إضافات,إضافات,إضافة صوص شوكولاتة,إضافة صوص شوكولاتة,15,0,5
كابتشينو,إضافات,إضافات,إضافة فانيليا,إضافة فانيليا,15,0,5
كابتشينو,إضافات,إضافات,إضافة بندق,إضافة بندق,25,0,5
كابتشينو,إضافات,إضافات,إضافة كراميل,إضافة كراميل,20,0,5
كابتشينو,إضافات,إضافات,إضافة مارشميلو,إضافة مارشميلو,15,0,5
كابتشينو,إضافات,إضافات,إضافة قرفة,إضافة قرفة,15,0,5
كابتشينو,إضافات,إضافات,إضافة لوتس,إضافة لوتس,30,0,5
كابتشينو,إضافات,إضافات,إضافة أوريو,إضافة أوريو,30,0,5
لاتيه,السكر,السكر,سادة,سادة,0,0,1
لاتيه,السكر,السكر,مظبوط,مظبوط,0,0,1
لاتيه,السكر,السكر,زيادة,زيادة,0,0,1
لاتيه,السكر,السكر,سكر خفيف,سكر خفيف,0,0,1
لاتيه,إضافات,إضافات,إضافة شوت اسبريسو,إضافة شوت اسبريسو,30,0,5
لاتيه,إضافات,إضافات,إضافة لبن,إضافة لبن,20,0,5
لاتيه,إضافات,إضافات,إضافة كريمة,إضافة كريمة,20,0,5
لاتيه,إضافات,إضافات,إضافة صوص كراميل,إضافة صوص كراميل,15,0,5
لاتيه,إضافات,إضافات,إضافة صوص شوكولاتة,إضافة صوص شوكولاتة,15,0,5
لاتيه,إضافات,إضافات,إضافة فانيليا,إضافة فانيليا,15,0,5
لاتيه,إضافات,إضافات,إضافة بندق,إضافة بندق,25,0,5
لاتيه,إضافات,إضافات,إضافة كراميل,إضافة كراميل,20,0,5
لاتيه,إضافات,إضافات,إضافة مارشميلو,إضافة مارشميلو,15,0,5
لاتيه,إضافات,إضافات,إضافة قرفة,إضافة قرفة,15,0,5
لاتيه,إضافات,إضافات,إضافة لوتس,إضافة لوتس,30,0,5
لاتيه,إضافات,إضافات,إضافة أوريو,إضافة أوريو,30,0,5
موكا,السكر,السكر,سادة,سادة,0,0,1
موكا,السكر,السكر,مظبوط,مظبوط,0,0,1
موكا,السكر,السكر,زيادة,زيادة,0,0,1
موكا,السكر,السكر,سكر خفيف,سكر خفيف,0,0,1
موكا,إضافات,إضافات,إضافة شوت اسبريسو,إضافة شوت اسبريسو,30,0,5
موكا,إضافات,إضافات,إضافة لبن,إضافة لبن,20,0,5
موكا,إضافات,إضافات,إضافة كريمة,إضافة كريمة,20,0,5
موكا,إضافات,إضافات,إضافة صوص كراميل,إضافة صوص كراميل,15,0,5
موكا,إضافات,إضافات,إضافة صوص شوكولاتة,إضافة صوص شوكولاتة,15,0,5
موكا,إضافات,إضافات,إضافة فانيليا,إضافة فانيليا,15,0,5
موكا,إضافات,إضافات,إضافة بندق,إضافة بندق,25,0,5
موكا,إضافات,إضافات,إضافة كراميل,إضافة كراميل,20,0,5
موكا,إضافات,إضافات,إضافة مارشميلو,إضافة مارشميلو,15,0,5
موكا,إضافات,إضافات,إضافة قرفة,إضافة قرفة,15,0,5
موكا,إضافات,إضافات,إضافة لوتس,إضافة لوتس,30,0,5
موكا,إضافات,إضافات,إضافة أوريو,إضافة أوريو,30,0,5
قهوة عربي,السكر,السكر,سادة,سادة,0,0,1
قهوة عربي,السكر,السكر,مظبوط,مظبوط,0,0,1
قهوة عربي,السكر,السكر,زيادة,زيادة,0,0,1
قهوة عربي,السكر,السكر,سكر خفيف,سكر خفيف,0,0,1
قهوة عربي,إضافات,إضافات,إضافة شوت اسبريسو,إضافة شوت اسبريسو,30,0,5
قهوة عربي,إضافات,إضافات,إضافة لبن,إضافة لبن,20,0,5
قهوة عربي,إضافات,إضافات,إضافة كريمة,إضافة كريمة,20,0,5
قهوة عربي,إضافات,إضافات,إضافة صوص كراميل,إضافة صوص كراميل,15,0,5
قهوة عربي,إضافات,إضافات,إضافة صوص شوكولاتة,إضافة صوص شوكولاتة,15,0,5
قهوة عربي,إضافات,إضافات,إضافة فانيليا,إضافة فانيليا,15,0,5
قهوة عربي,إضافات,إضافات,إضافة بندق,إضافة بندق,25,0,5
قهوة عربي,إضافات,إضافات,إضافة كراميل,إضافة كراميل,20,0,5
قهوة عربي,إضافات,إضافات,إضافة مارشميلو,إضافة مارشميلو,15,0,5
قهوة عربي,إضافات,إضافات,إضافة قرفة,إضافة قرفة,15,0,5
قهوة عربي,إضافات,إضافات,إضافة لوتس,إضافة لوتس,30,0,5
قهوة عربي,إضافات,إضافات,إضافة أوريو,إضافة أوريو,30,0,5
قهوة فرنساوي بندق,السكر,السكر,سادة,سادة,0,0,1
قهوة فرنساوي بندق,السكر,السكر,مظبوط,مظبوط,0,0,1
قهوة فرنساوي بندق,السكر,السكر,زيادة,زيادة,0,0,1
قهوة فرنساوي بندق,السكر,السكر,سكر خفيف,سكر خفيف,0,0,1
قهوة فرنساوي بندق,إضافات,إضافات,إضافة شوت اسبريسو,إضافة شوت اسبريسو,30,0,5
قهوة فرنساوي بندق,إضافات,إضافات,إضافة لبن,إضافة لبن,20,0,5
قهوة فرنساوي بندق,إضافات,إضافات,إضافة كريمة,إضافة كريمة,20,0,5
قهوة فرنساوي بندق,إضافات,إضافات,إضافة صوص كراميل,إضافة صوص كراميل,15,0,5
قهوة فرنساوي بندق,إضافات,إضافات,إضافة صوص شوكولاتة,إضافة صوص شوكولاتة,15,0,5
قهوة فرنساوي بندق,إضافات,إضافات,إضافة فانيليا,إضافة فانيليا,15,0,5
قهوة فرنساوي بندق,إضافات,إضافات,إضافة بندق,إضافة بندق,25,0,5
قهوة فرنساوي بندق,إضافات,إضافات,إضافة كراميل,إضافة كراميل,20,0,5
قهوة فرنساوي بندق,إضافات,إضافات,إضافة مارشميلو,إضافة مارشميلو,15,0,5
قهوة فرنساوي بندق,إضافات,إضافات,إضافة قرفة,إضافة قرفة,15,0,5
قهوة فرنساوي بندق,إضافات,إضافات,إضافة لوتس,إضافة لوتس,30,0,5
قهوة فرنساوي بندق,إضافات,إضافات,إضافة أوريو,إضافة أوريو,30,0,5
نسكافيه,السكر,السكر,سادة,سادة,0,0,1
نسكافيه,السكر,السكر,مظبوط,مظبوط,0,0,1
نسكافيه,السكر,السكر,زيادة,زيادة,0,0,1
نسكافيه,السكر,السكر,سكر خفيف,سكر خفيف,0,0,1
نسكافيه,إضافات,إضافات,إضافة شوت اسبريسو,إضافة شوت اسبريسو,30,0,5
نسكافيه,إضافات,إضافات,إضافة لبن,إضافة لبن,20,0,5
نسكافيه,إضافات,إضافات,إضافة كريمة,إضافة كريمة,20,0,5
نسكافيه,إضافات,إضافات,إضافة صوص كراميل,إضافة صوص كراميل,15,0,5
نسكافيه,إضافات,إضافات,إضافة صوص شوكولاتة,إضافة صوص شوكولاتة,15,0,5
نسكافيه,إضافات,إضافات,إضافة فانيليا,إضافة فانيليا,15,0,5
نسكافيه,إضافات,إضافات,إضافة بندق,إضافة بندق,25,0,5
نسكافيه,إضافات,إضافات,إضافة كراميل,إضافة كراميل,20,0,5
نسكافيه,إضافات,إضافات,إضافة مارشميلو,إضافة مارشميلو,15,0,5
نسكافيه,إضافات,إضافات,إضافة قرفة,إضافة قرفة,15,0,5
نسكافيه,إضافات,إضافات,إضافة لوتس,إضافة لوتس,30,0,5
نسكافيه,إضافات,إضافات,إضافة أوريو,إضافة أوريو,30,0,5
نسكافيه باللبن,السكر,السكر,سادة,سادة,0,0,1
نسكافيه باللبن,السكر,السكر,مظبوط,مظبوط,0,0,1
نسكافيه باللبن,السكر,السكر,زيادة,زيادة,0,0,1
نسكافيه باللبن,السكر,السكر,سكر خفيف,سكر خفيف,0,0,1
نسكافيه باللبن,إضافات,إضافات,إضافة شوت اسبريسو,إضافة شوت اسبريسو,30,0,5
نسكافيه باللبن,إضافات,إضافات,إضافة لبن,إضافة لبن,20,0,5
نسكافيه باللبن,إضافات,إضافات,إضافة كريمة,إضافة كريمة,20,0,5
نسكافيه باللبن,إضافات,إضافات,إضافة صوص كراميل,إضافة صوص كراميل,15,0,5
نسكافيه باللبن,إضافات,إضافات,إضافة صوص شوكولاتة,إضافة صوص شوكولاتة,15,0,5
نسكافيه باللبن,إضافات,إضافات,إضافة فانيليا,إضافة فانيليا,15,0,5
نسكافيه باللبن,إضافات,إضافات,إضافة بندق,إضافة بندق,25,0,5
نسكافيه باللبن,إضافات,إضافات,إضافة كراميل,إضافة كراميل,20,0,5
نسكافيه باللبن,إضافات,إضافات,إضافة مارشميلو,إضافة مارشميلو,15,0,5
نسكافيه باللبن,إضافات,إضافات,إضافة قرفة,إضافة قرفة,15,0,5
نسكافيه باللبن,إضافات,إضافات,إضافة لوتس,إضافة لوتس,30,0,5
نسكافيه باللبن,إضافات,إضافات,إضافة أوريو,إضافة أوريو,30,0,5
قهوة باللبن,السكر,السكر,سادة,سادة,0,0,1
قهوة باللبن,السكر,السكر,مظبوط,مظبوط,0,0,1
قهوة باللبن,السكر,السكر,زيادة,زيادة,0,0,1
قهوة باللبن,السكر,السكر,سكر خفيف,سكر خفيف,0,0,1
قهوة باللبن,إضافات,إضافات,إضافة شوت اسبريسو,إضافة شوت اسبريسو,30,0,5
قهوة باللبن,إضافات,إضافات,إضافة لبن,إضافة لبن,20,0,5
قهوة باللبن,إضافات,إضافات,إضافة كريمة,إضافة كريمة,20,0,5
قهوة باللبن,إضافات,إضافات,إضافة صوص كراميل,إضافة صوص كراميل,15,0,5
قهوة باللبن,إضافات,إضافات,إضافة صوص شوكولاتة,إضافة صوص شوكولاتة,15,0,5
قهوة باللبن,إضافات,إضافات,إضافة فانيليا,إضافة فانيليا,15,0,5
قهوة باللبن,إضافات,إضافات,إضافة بندق,إضافة بندق,25,0,5
قهوة باللبن,إضافات,إضافات,إضافة كراميل,إضافة كراميل,20,0,5
قهوة باللبن,إضافات,إضافات,إضافة مارشميلو,إضافة مارشميلو,15,0,5
قهوة باللبن,إضافات,إضافات,إضافة قرفة,إضافة قرفة,15,0,5
قهوة باللبن,إضافات,إضافات,إضافة لوتس,إضافة لوتس,30,0,5
قهوة باللبن,إضافات,إضافات,إضافة أوريو,إضافة أوريو,30,0,5
فلات وايت,السكر,السكر,سادة,سادة,0,0,1
فلات وايت,السكر,السكر,مظبوط,مظبوط,0,0,1
فلات وايت,السكر,السكر,زيادة,زيادة,0,0,1
فلات وايت,السكر,السكر,سكر خفيف,سكر خفيف,0,0,1
فلات وايت,إضافات,إضافات,إضافة شوت اسبريسو,إضافة شوت اسبريسو,30,0,5
فلات وايت,إضافات,إضافات,إضافة لبن,إضافة لبن,20,0,5
فلات وايت,إضافات,إضافات,إضافة كريمة,إضافة كريمة,20,0,5
فلات وايت,إضافات,إضافات,إضافة صوص كراميل,إضافة صوص كراميل,15,0,5
فلات وايت,إضافات,إضافات,إضافة صوص شوكولاتة,إضافة صوص شوكولاتة,15,0,5
فلات وايت,إضافات,إضافات,إضافة فانيليا,إضافة فانيليا,15,0,5
فلات وايت,إضافات,إضافات,إضافة بندق,إضافة بندق,25,0,5
فلات وايت,إضافات,إضافات,إضافة كراميل,إضافة كراميل,20,0,5
فلات وايت,إضافات,إضافات,إضافة مارشميلو,إضافة مارشميلو,15,0,5
فلات وايت,إضافات,إضافات,إضافة قرفة,إضافة قرفة,15,0,5
فلات وايت,إضافات,إضافات,إضافة لوتس,إضافة لوتس,30,0,5
فلات وايت,إضافات,إضافات,إضافة أوريو,إضافة أوريو,30,0,5
اسبريسو ميكاتو,السكر,السكر,سادة,سادة,0,0,1
اسبريسو ميكاتو,السكر,السكر,مظبوط,مظبوط,0,0,1
اسبريسو ميكاتو,السكر,السكر,زيادة,زيادة,0,0,1
اسبريسو ميكاتو,السكر,السكر,سكر خفيف,سكر خفيف,0,0,1
اسبريسو ميكاتو,إضافات,إضافات,إضافة شوت اسبريسو,إضافة شوت اسبريسو,30,0,5
اسبريسو ميكاتو,إضافات,إضافات,إضافة لبن,إضافة لبن,20,0,5
اسبريسو ميكاتو,إضافات,إضافات,إضافة كريمة,إضافة كريمة,20,0,5
اسبريسو ميكاتو,إضافات,إضافات,إضافة صوص كراميل,إضافة صوص كراميل,15,0,5
اسبريسو ميكاتو,إضافات,إضافات,إضافة صوص شوكولاتة,إضافة صوص شوكولاتة,15,0,5
اسبريسو ميكاتو,إضافات,إضافات,إضافة فانيليا,إضافة فانيليا,15,0,5
اسبريسو ميكاتو,إضافات,إضافات,إضافة بندق,إضافة بندق,25,0,5
اسبريسو ميكاتو,إضافات,إضافات,إضافة كراميل,إضافة كراميل,20,0,5
اسبريسو ميكاتو,إضافات,إضافات,إضافة مارشميلو,إضافة مارشميلو,15,0,5
اسبريسو ميكاتو,إضافات,إضافات,إضافة قرفة,إضافة قرفة,15,0,5
اسبريسو ميكاتو,إضافات,إضافات,إضافة لوتس,إضافة لوتس,30,0,5
اسبريسو ميكاتو,إضافات,إضافات,إضافة أوريو,إضافة أوريو,30,0,5
كابتشينو كراميل,السكر,السكر,سادة,سادة,0,0,1
كابتشينو كراميل,السكر,السكر,مظبوط,مظبوط,0,0,1
كابتشينو كراميل,السكر,السكر,زيادة,زيادة,0,0,1
كابتشينو كراميل,السكر,السكر,سكر خفيف,سكر خفيف,0,0,1
كابتشينو كراميل,إضافات,إضافات,إضافة شوت اسبريسو,إضافة شوت اسبريسو,30,0,5
كابتشينو كراميل,إضافات,إضافات,إضافة لبن,إضافة لبن,20,0,5
كابتشينو كراميل,إضافات,إضافات,إضافة كريمة,إضافة كريمة,20,0,5
كابتشينو كراميل,إضافات,إضافات,إضافة صوص كراميل,إضافة صوص كراميل,15,0,5
كابتشينو كراميل,إضافات,إضافات,إضافة صوص شوكولاتة,إضافة صوص شوكولاتة,15,0,5
كابتشينو كراميل,إضافات,إضافات,إضافة فانيليا,إضافة فانيليا,15,0,5
كابتشينو كراميل,إضافات,إضافات,إضافة بندق,إضافة بندق,25,0,5
كابتشينو كراميل,إضافات,إضافات,إضافة كراميل,إضافة كراميل,20,0,5
كابتشينو كراميل,إضافات,إضافات,إضافة مارشميلو,إضافة مارشميلو,15,0,5
كابتشينو كراميل,إضافات,إضافات,إضافة قرفة,إضافة قرفة,15,0,5
كابتشينو كراميل,إضافات,إضافات,إضافة لوتس,إضافة لوتس,30,0,5
كابتشينو كراميل,إضافات,إضافات,إضافة أوريو,إضافة أوريو,30,0,5
لاتيه فانيليا,السكر,السكر,سادة,سادة,0,0,1
لاتيه فانيليا,السكر,السكر,مظبوط,مظبوط,0,0,1
لاتيه فانيليا,السكر,السكر,زيادة,زيادة,0,0,1
لاتيه فانيليا,السكر,السكر,سكر خفيف,سكر خفيف,0,0,1
لاتيه فانيليا,إضافات,إضافات,إضافة شوت اسبريسو,إضافة شوت اسبريسو,30,0,5
لاتيه فانيليا,إضافات,إضافات,إضافة لبن,إضافة لبن,20,0,5
لاتيه فانيليا,إضافات,إضافات,إضافة كريمة,إضافة كريمة,20,0,5
لاتيه فانيليا,إضافات,إضافات,إضافة صوص كراميل,إضافة صوص كراميل,15,0,5
لاتيه فانيليا,إضافات,إضافات,إضافة صوص شوكولاتة,إضافة صوص شوكولاتة,15,0,5
لاتيه فانيليا,إضافات,إضافات,إضافة فانيليا,إضافة فانيليا,15,0,5
لاتيه فانيليا,إضافات,إضافات,إضافة بندق,إضافة بندق,25,0,5
لاتيه فانيليا,إضافات,إضافات,إضافة كراميل,إضافة كراميل,20,0,5
لاتيه فانيليا,إضافات,إضافات,إضافة مارشميلو,إضافة مارشميلو,15,0,5
لاتيه فانيليا,إضافات,إضافات,إضافة قرفة,إضافة قرفة,15,0,5
لاتيه فانيليا,إضافات,إضافات,إضافة لوتس,إضافة لوتس,30,0,5
لاتيه فانيليا,إضافات,إضافات,إضافة أوريو,إضافة أوريو,30,0,5
موكا وايت,السكر,السكر,سادة,سادة,0,0,1
موكا وايت,السكر,السكر,مظبوط,مظبوط,0,0,1
موكا وايت,السكر,السكر,زيادة,زيادة,0,0,1
موكا وايت,السكر,السكر,سكر خفيف,سكر خفيف,0,0,1
موكا وايت,إضافات,إضافات,إضافة شوت اسبريسو,إضافة شوت اسبريسو,30,0,5
موكا وايت,إضافات,إضافات,إضافة لبن,إضافة لبن,20,0,5
موكا وايت,إضافات,إضافات,إضافة كريمة,إضافة كريمة,20,0,5
موكا وايت,إضافات,إضافات,إضافة صوص كراميل,إضافة صوص كراميل,15,0,5
موكا وايت,إضافات,إضافات,إضافة صوص شوكولاتة,إضافة صوص شوكولاتة,15,0,5
موكا وايت,إضافات,إضافات,إضافة فانيليا,إضافة فانيليا,15,0,5
موكا وايت,إضافات,إضافات,إضافة بندق,إضافة بندق,25,0,5
موكا وايت,إضافات,إضافات,إضافة كراميل,إضافة كراميل,20,0,5
موكا وايت,إضافات,إضافات,إضافة مارشميلو,إضافة مارشميلو,15,0,5
موكا وايت,إضافات,إضافات,إضافة قرفة,إضافة قرفة,15,0,5
موكا وايت,إضافات,إضافات,إضافة لوتس,إضافة لوتس,30,0,5
موكا وايت,إضافات,إضافات,إضافة أوريو,إضافة أوريو,30,0,5
قهوة مثلجة,السكر,السكر,سادة,سادة,0,0,1
قهوة مثلجة,السكر,السكر,مظبوط,مظبوط,0,0,1
قهوة مثلجة,السكر,السكر,زيادة,زيادة,0,0,1
قهوة مثلجة,السكر,السكر,سكر خفيف,سكر خفيف,0,0,1
قهوة مثلجة,إضافات,إضافات,إضافة شوت اسبريسو,إضافة شوت اسبريسو,30,0,5
قهوة مثلجة,إضافات,إضافات,إضافة لبن,إضافة لبن,20,0,5
قهوة مثلجة,إضافات,إضافات,إضافة كريمة,إضافة كريمة,20,0,5
قهوة مثلجة,إضافات,إضافات,إضافة صوص كراميل,إضافة صوص كراميل,15,0,5
قهوة مثلجة,إضافات,إضافات,إضافة صوص شوكولاتة,إضافة صوص شوكولاتة,15,0,5
قهوة مثلجة,إضافات,إضافات,إضافة فانيليا,إضافة فانيليا,15,0,5
قهوة مثلجة,إضافات,إضافات,إضافة بندق,إضافة بندق,25,0,5
قهوة مثلجة,إضافات,إضافات,إضافة كراميل,إضافة كراميل,20,0,5
قهوة مثلجة,إضافات,إضافات,إضافة مارشميلو,إضافة مارشميلو,15,0,5
قهوة مثلجة,إضافات,إضافات,إضافة قرفة,إضافة قرفة,15,0,5
قهوة مثلجة,إضافات,إضافات,إضافة لوتس,إضافة لوتس,30,0,5
قهوة مثلجة,إضافات,إضافات,إضافة أوريو,إضافة أوريو,30,0,5
كابتشينو بندق,السكر,السكر,سادة,سادة,0,0,1
كابتشينو بندق,السكر,السكر,مظبوط,مظبوط,0,0,1
كابتشينو بندق,السكر,السكر,زيادة,زيادة,0,0,1
كابتشينو بندق,السكر,السكر,سكر خفيف,سكر خفيف,0,0,1
كابتشينو بندق,إضافات,إضافات,إضافة شوت اسبريسو,إضافة شوت اسبريسو,30,0,5
كابتشينو بندق,إضافات,إضافات,إضافة لبن,إضافة لبن,20,0,5
كابتشينو بندق,إضافات,إضافات,إضافة كريمة,إضافة كريمة,20,0,5
كابتشينو بندق,إضافات,إضافات,إضافة صوص كراميل,إضافة صوص كراميل,15,0,5
كابتشينو بندق,إضافات,إضافات,إضافة صوص شوكولاتة,إضافة صوص شوكولاتة,15,0,5
كابتشينو بندق,إضافات,إضافات,إضافة فانيليا,إضافة فانيليا,15,0,5
كابتشينو بندق,إضافات,إضافات,إضافة بندق,إضافة بندق,25,0,5
كابتشينو بندق,إضافات,إضافات,إضافة كراميل,إضافة كراميل,20,0,5
كابتشينو بندق,إضافات,إضافات,إضافة مارشميلو,إضافة مارشميلو,15,0,5
كابتشينو بندق,إضافات,إضافات,إضافة قرفة,إضافة قرفة,15,0,5
كابتشينو بندق,إضافات,إضافات,إضافة لوتس,إضافة لوتس,30,0,5
كابتشينو بندق,إضافات,إضافات,إضافة أوريو,إضافة أوريو,30,0,5
لاتيه كراميل,السكر,السكر,سادة,سادة,0,0,1
لاتيه كراميل,السكر,السكر,مظبوط,مظبوط,0,0,1
لاتيه كراميل,السكر,السكر,زيادة,زيادة,0,0,1
لاتيه كراميل,السكر,السكر,سكر خفيف,سكر خفيف,0,0,1
لاتيه كراميل,إضافات,إضافات,إضافة شوت اسبريسو,إضافة شوت اسبريسو,30,0,5
لاتيه كراميل,إضافات,إضافات,إضافة لبن,إضافة لبن,20,0,5
لاتيه كراميل,إضافات,إضافات,إضافة كريمة,إضافة كريمة,20,0,5
لاتيه كراميل,إضافات,إضافات,إضافة صوص كراميل,إضافة صوص كراميل,15,0,5
لاتيه كراميل,إضافات,إضافات,إضافة صوص شوكولاتة,إضافة صوص شوكولاتة,15,0,5
لاتيه كراميل,إضافات,إضافات,إضافة فانيليا,إضافة فانيليا,15,0,5
لاتيه كراميل,إضافات,إضافات,إضافة بندق,إضافة بندق,25,0,5
لاتيه كراميل,إضافات,إضافات,إضافة كراميل,إضافة كراميل,20,0,5
لاتيه كراميل,إضافات,إضافات,إضافة مارشميلو,إضافة مارشميلو,15,0,5
لاتيه كراميل,إضافات,إضافات,إضافة قرفة,إضافة قرفة,15,0,5
لاتيه كراميل,إضافات,إضافات,إضافة لوتس,إضافة لوتس,30,0,5
لاتيه كراميل,إضافات,إضافات,إضافة أوريو,إضافة أوريو,30,0,5
فرابيه كلاسيك,إضافات,إضافات,إضافة شوت اسبريسو,إضافة شوت اسبريسو,30,0,5
فرابيه كلاسيك,إضافات,إضافات,إضافة لبن,إضافة لبن,20,0,5
فرابيه كلاسيك,إضافات,إضافات,إضافة كريمة,إضافة كريمة,20,0,5
فرابيه كلاسيك,إضافات,إضافات,إضافة صوص كراميل,إضافة صوص كراميل,15,0,5
فرابيه كلاسيك,إضافات,إضافات,إضافة صوص شوكولاتة,إضافة صوص شوكولاتة,15,0,5
فرابيه كلاسيك,إضافات,إضافات,إضافة فانيليا,إضافة فانيليا,15,0,5
فرابيه كلاسيك,إضافات,إضافات,إضافة بندق,إضافة بندق,25,0,5
فرابيه كلاسيك,إضافات,إضافات,إضافة كراميل,إضافة كراميل,20,0,5
فرابيه كلاسيك,إضافات,إضافات,إضافة مارشميلو,إضافة مارشميلو,15,0,5
فرابيه كلاسيك,إضافات,إضافات,إضافة قرفة,إضافة قرفة,15,0,5
فرابيه كلاسيك,إضافات,إضافات,إضافة لوتس,إضافة لوتس,30,0,5
فرابيه كلاسيك,إضافات,إضافات,إضافة أوريو,إضافة أوريو,30,0,5
فرابيه كراميل,إضافات,إضافات,إضافة شوت اسبريسو,إضافة شوت اسبريسو,30,0,5
فرابيه كراميل,إضافات,إضافات,إضافة لبن,إضافة لبن,20,0,5
فرابيه كراميل,إضافات,إضافات,إضافة كريمة,إضافة كريمة,20,0,5
فرابيه كراميل,إضافات,إضافات,إضافة صوص كراميل,إضافة صوص كراميل,15,0,5
فرابيه كراميل,إضافات,إضافات,إضافة صوص شوكولاتة,إضافة صوص شوكولاتة,15,0,5
فرابيه كراميل,إضافات,إضافات,إضافة فانيليا,إضافة فانيليا,15,0,5
فرابيه كراميل,إضافات,إضافات,إضافة بندق,إضافة بندق,25,0,5
فرابيه كراميل,إضافات,إضافات,إضافة كراميل,إضافة كراميل,20,0,5
فرابيه كراميل,إضافات,إضافات,إضافة مارشميلو,إضافة مارشميلو,15,0,5
فرابيه كراميل,إضافات,إضافات,إضافة قرفة,إضافة قرفة,15,0,5
فرابيه كراميل,إضافات,إضافات,إضافة لوتس,إضافة لوتس,30,0,5
فرابيه كراميل,إضافات,إضافات,إضافة أوريو,إضافة أوريو,30,0,5
فرابيه شوكولاتة,إضافات,إضافات,إضافة شوت اسبريسو,إضافة شوت اسبريسو,30,0,5
فرابيه شوكولاتة,إضافات,إضافات,إضافة لبن,إضافة لبن,20,0,5
فرابيه شوكولاتة,إضافات,إضافات,إضافة كريمة,إضافة كريمة,20,0,5
فرابيه شوكولاتة,إضافات,إضافات,إضافة صوص كراميل,إضافة صوص كراميل,15,0,5
فرابيه شوكولاتة,إضافات,إضافات,إضافة صوص شوكولاتة,إضافة صوص شوكولاتة,15,0,5
فرابيه شوكولاتة,إضافات,إضافات,إضافة فانيليا,إضافة فانيليا,15,0,5
فرابيه شوكولاتة,إضافات,إضافات,إضافة بندق,إضافة بندق,25,0,5
فرابيه شوكولاتة,إضافات,إضافات,إضافة كراميل,إضافة كراميل,20,0,5
فرابيه شوكولاتة,إضافات,إضافات,إضافة مارشميلو,إضافة مارشميلو,15,0,5
فرابيه شوكولاتة,إضافات,إضافات,إضافة قرفة,إضافة قرفة,15,0,5
فرابيه شوكولاتة,إضافات,إضافات,إضافة لوتس,إضافة لوتس,30,0,5
فرابيه شوكولاتة,إضافات,إضافات,إضافة أوريو,إضافة أوريو,30,0,5
فرابيه فانيليا,إضافات,إضافات,إضافة شوت اسبريسو,إضافة شوت اسبريسو,30,0,5
فرابيه فانيليا,إضافات,إضافات,إضافة لبن,إضافة لبن,20,0,5
فرابيه فانيليا,إضافات,إضافات,إضافة كريمة,إضافة كريمة,20,0,5
فرابيه فانيليا,إضافات,إضافات,إضافة صوص كراميل,إضافة صوص كراميل,15,0,5
فرابيه فانيليا,إضافات,إضافات,إضافة صوص شوكولاتة,إضافة صوص شوكولاتة,15,0,5
فرابيه فانيليا,إضافات,إضافات,إضافة فانيليا,إضافة فانيليا,15,0,5
فرابيه فانيليا,إضافات,إضافات,إضافة بندق,إضافة بندق,25,0,5
فرابيه فانيليا,إضافات,إضافات,إضافة كراميل,إضافة كراميل,20,0,5
فرابيه فانيليا,إضافات,إضافات,إضافة مارشميلو,إضافة مارشميلو,15,0,5
فرابيه فانيليا,إضافات,إضافات,إضافة قرفة,إضافة قرفة,15,0,5
فرابيه فانيليا,إضافات,إضافات,إضافة لوتس,إضافة لوتس,30,0,5
فرابيه فانيليا,إضافات,إضافات,إضافة أوريو,إضافة أوريو,30,0,5
فرابيه موكا,إضافات,إضافات,إضافة شوت اسبريسو,إضافة شوت اسبريسو,30,0,5
فرابيه موكا,إضافات,إضافات,إضافة لبن,إضافة لبن,20,0,5
فرابيه موكا,إضافات,إضافات,إضافة كريمة,إضافة كريمة,20,0,5
فرابيه موكا,إضافات,إضافات,إضافة صوص كراميل,إضافة صوص كراميل,15,0,5
فرابيه موكا,إضافات,إضافات,إضافة صوص شوكولاتة,إضافة صوص شوكولاتة,15,0,5
فرابيه موكا,إضافات,إضافات,إضافة فانيليا,إضافة فانيليا,15,0,5
فرابيه موكا,إضافات,إضافات,إضافة بندق,إضافة بندق,25,0,5
فرابيه موكا,إضافات,إضافات,إضافة كراميل,إضافة كراميل,20,0,5
فرابيه موكا,إضافات,إضافات,إضافة مارشميلو,إضافة مارشميلو,15,0,5
فرابيه موكا,إضافات,إضافات,إضافة قرفة,إضافة قرفة,15,0,5
فرابيه موكا,إضافات,إضافات,إضافة لوتس,إضافة لوتس,30,0,5
فرابيه موكا,إضافات,إضافات,إضافة أوريو,إضافة أوريو,30,0,5
فرابيه لوتس,إضافات,إضافات,إضافة شوت اسبريسو,إضافة شوت اسبريسو,30,0,5
فرابيه لوتس,إضافات,إضافات,إضافة لبن,إضافة لبن,20,0,5
فرابيه لوتس,إضافات,إضافات,إضافة كريمة,إضافة كريمة,20,0,5
فرابيه لوتس,إضافات,إضافات,إضافة صوص كراميل,إضافة صوص كراميل,15,0,5
فرابيه لوتس,إضافات,إضافات,إضافة صوص شوكولاتة,إضافة صوص شوكولاتة,15,0,5
فرابيه لوتس,إضافات,إضافات,إضافة فانيليا,إضافة فانيليا,15,0,5
فرابيه لوتس,إضافات,إضافات,إضافة بندق,إضافة بندق,25,0,5
فرابيه لوتس,إضافات,إضافات,إضافة كراميل,إضافة كراميل,20,0,5
فرابيه لوتس,إضافات,إضافات,إضافة مارشميلو,إضافة مارشميلو,15,0,5
فرابيه لوتس,إضافات,إضافات,إضافة قرفة,إضافة قرفة,15,0,5
فرابيه لوتس,إضافات,إضافات,إضافة لوتس,إضافة لوتس,30,0,5
فرابيه لوتس,إضافات,إضافات,إضافة أوريو,إضافة أوريو,30,0,5
فرابيه بندق,إضافات,إضافات,إضافة شوت اسبريسو,إضافة شوت اسبريسو,30,0,5
فرابيه بندق,إضافات,إضافات,إضافة لبن,إضافة لبن,20,0,5
فرابيه بندق,إضافات,إضافات,إضافة كريمة,إضافة كريمة,20,0,5
فرابيه بندق,إضافات,إضافات,إضافة صوص كراميل,إضافة صوص كراميل,15,0,5
فرابيه بندق,إضافات,إضافات,إضافة صوص شوكولاتة,إضافة صوص شوكولاتة,15,0,5
فرابيه بندق,إضافات,إضافات,إضافة فانيليا,إضافة فانيليا,15,0,5
فرابيه بندق,إضافات,إضافات,إضافة بندق,إضافة بندق,25,0,5
فرابيه بندق,إضافات,إضافات,إضافة كراميل,إضافة كراميل,20,0,5
فرابيه بندق,إضافات,إضافات,إضافة مارشميلو,إضافة مارشميلو,15,0,5
فرابيه بندق,إضافات,إضافات,إضافة قرفة,إضافة قرفة,15,0,5
فرابيه بندق,إضافات,إضافات,إضافة لوتس,إضافة لوتس,30,0,5
فرابيه بندق,إضافات,إضافات,إضافة أوريو,إضافة أوريو,30,0,5
آيس لاتيه,إضافات,إضافات,إضافة شوت اسبريسو,إضافة شوت اسبريسو,30,0,5
آيس لاتيه,إضافات,إضافات,إضافة لبن,إضافة لبن,20,0,5
آيس لاتيه,إضافات,إضافات,إضافة كريمة,إضافة كريمة,20,0,5
آيس لاتيه,إضافات,إضافات,إضافة صوص كراميل,إضافة صوص كراميل,15,0,5
آيس لاتيه,إضافات,إضافات,إضافة صوص شوكولاتة,إضافة صوص شوكولاتة,15,0,5
آيس لاتيه,إضافات,إضافات,إضافة فانيليا,إضافة فانيليا,15,0,5
آيس لاتيه,إضافات,إضافات,إضافة بندق,إضافة بندق,25,0,5
آيس لاتيه,إضافات,إضافات,إضافة كراميل,إضافة كراميل,20,0,5
آيس لاتيه,إضافات,إضافات,إضافة مارشميلو,إضافة مارشميلو,15,0,5
آيس لاتيه,إضافات,إضافات,إضافة قرفة,إضافة قرفة,15,0,5
آيس لاتيه,إضافات,إضافات,إضافة لوتس,إضافة لوتس,30,0,5
آيس لاتيه,إضافات,إضافات,إضافة أوريو,إضافة أوريو,30,0,5
آيس موكا (دارك - وايت),إضافات,إضافات,إضافة شوت اسبريسو,إضافة شوت اسبريسو,30,0,5
آيس موكا (دارك - وايت),إضافات,إضافات,إضافة لبن,إضافة لبن,20,0,5
آيس موكا (دارك - وايت),إضافات,إضافات,إضافة كريمة,إضافة كريمة,20,0,5
آيس موكا (دارك - وايت),إضافات,إضافات,إضافة صوص كراميل,إضافة صوص كراميل,15,0,5
آيس موكا (دارك - وايت),إضافات,إضافات,إضافة صوص شوكولاتة,إضافة صوص شوكولاتة,15,0,5
آيس موكا (دارك - وايت),إضافات,إضافات,إضافة فانيليا,إضافة فانيليا,15,0,5
آيس موكا (دارك - وايت),إضافات,إضافات,إضافة بندق,إضافة بندق,25,0,5
آيس موكا (دارك - وايت),إضافات,إضافات,إضافة كراميل,إضافة كراميل,20,0,5
آيس موكا (دارك - وايت),إضافات,إضافات,إضافة مارشميلو,إضافة مارشميلو,15,0,5
آيس موكا (دارك - وايت),إضافات,إضافات,إضافة قرفة,إضافة قرفة,15,0,5
آيس موكا (دارك - وايت),إضافات,إضافات,إضافة لوتس,إضافة لوتس,30,0,5
آيس موكا (دارك - وايت),إضافات,إضافات,إضافة أوريو,إضافة أوريو,30,0,5
آيس كراميل,إضافات,إضافات,إضافة شوت اسبريسو,إضافة شوت اسبريسو,30,0,5
آيس كراميل,إضافات,إضافات,إضافة لبن,إضافة لبن,20,0,5
آيس كراميل,إضافات,إضافات,إضافة كريمة,إضافة كريمة,20,0,5
آيس كراميل,إضافات,إضافات,إضافة صوص كراميل,إضافة صوص كراميل,15,0,5
آيس كراميل,إضافات,إضافات,إضافة صوص شوكولاتة,إضافة صوص شوكولاتة,15,0,5
آيس كراميل,إضافات,إضافات,إضافة فانيليا,إضافة فانيليا,15,0,5
آيس كراميل,إضافات,إضافات,إضافة بندق,إضافة بندق,25,0,5
آيس كراميل,إضافات,إضافات,إضافة كراميل,إضافة كراميل,20,0,5
آيس كراميل,إضافات,إضافات,إضافة مارشميلو,إضافة مارشميلو,15,0,5
آيس كراميل,إضافات,إضافات,إضافة قرفة,إضافة قرفة,15,0,5
آيس كراميل,إضافات,إضافات,إضافة لوتس,إضافة لوتس,30,0,5
آيس كراميل,إضافات,إضافات,إضافة أوريو,إضافة أوريو,30,0,5
آيس اسبانيش لاتيه,إضافات,إضافات,إضافة شوت اسبريسو,إضافة شوت اسبريسو,30,0,5
آيس اسبانيش لاتيه,إضافات,إضافات,إضافة لبن,إضافة لبن,20,0,5
آيس اسبانيش لاتيه,إضافات,إضافات,إضافة كريمة,إضافة كريمة,20,0,5
آيس اسبانيش لاتيه,إضافات,إضافات,إضافة صوص كراميل,إضافة صوص كراميل,15,0,5
آيس اسبانيش لاتيه,إضافات,إضافات,إضافة صوص شوكولاتة,إضافة صوص شوكولاتة,15,0,5
آيس اسبانيش لاتيه,إضافات,إضافات,إضافة فانيليا,إضافة فانيليا,15,0,5
آيس اسبانيش لاتيه,إضافات,إضافات,إضافة بندق,إضافة بندق,25,0,5
آيس اسبانيش لاتيه,إضافات,إضافات,إضافة كراميل,إضافة كراميل,20,0,5
آيس اسبانيش لاتيه,إضافات,إضافات,إضافة مارشميلو,إضافة مارشميلو,15,0,5
آيس اسبانيش لاتيه,إضافات,إضافات,إضافة قرفة,إضافة قرفة,15,0,5
آيس اسبانيش لاتيه,إضافات,إضافات,إضافة لوتس,إضافة لوتس,30,0,5
آيس اسبانيش لاتيه,إضافات,إضافات,إضافة أوريو,إضافة أوريو,30,0,5
آيس لاتيه بندق,إضافات,إضافات,إضافة شوت اسبريسو,إضافة شوت اسبريسو,30,0,5
آيس لاتيه بندق,إضافات,إضافات,إضافة لبن,إضافة لبن,20,0,5
آيس لاتيه بندق,إضافات,إضافات,إضافة كريمة,إضافة كريمة,20,0,5
آيس لاتيه بندق,إضافات,إضافات,إضافة صوص كراميل,إضافة صوص كراميل,15,0,5
آيس لاتيه بندق,إضافات,إضافات,إضافة صوص شوكولاتة,إضافة صوص شوكولاتة,15,0,5
آيس لاتيه بندق,إضافات,إضافات,إضافة فانيليا,إضافة فانيليا,15,0,5
آيس لاتيه بندق,إضافات,إضافات,إضافة بندق,إضافة بندق,25,0,5
آيس لاتيه بندق,إضافات,إضافات,إضافة كراميل,إضافة كراميل,20,0,5
آيس لاتيه بندق,إضافات,إضافات,إضافة مارشميلو,إضافة مارشميلو,15,0,5
آيس لاتيه بندق,إضافات,إضافات,إضافة قرفة,إضافة قرفة,15,0,5
آيس لاتيه بندق,إضافات,إضافات,إضافة لوتس,إضافة لوتس,30,0,5
آيس لاتيه بندق,إضافات,إضافات,إضافة أوريو,إضافة أوريو,30,0,5
آيس كراميل ميكاتو,إضافات,إضافات,إضافة شوت اسبريسو,إضافة شوت اسبريسو,30,0,5
آيس كراميل ميكاتو,إضافات,إضافات,إضافة لبن,إضافة لبن,20,0,5
آيس كراميل ميكاتو,إضافات,إضافات,إضافة كريمة,إضافة كريمة,20,0,5
آيس كراميل ميكاتو,إضافات,إضافات,إضافة صوص كراميل,إضافة صوص كراميل,15,0,5
آيس كراميل ميكاتو,إضافات,إضافات,إضافة صوص شوكولاتة,إضافة صوص شوكولاتة,15,0,5
آيس كراميل ميكاتو,إضافات,إضافات,إضافة فانيليا,إضافة فانيليا,15,0,5
آيس كراميل ميكاتو,إضافات,إضافات,إضافة بندق,إضافة بندق,25,0,5
آيس كراميل ميكاتو,إضافات,إضافات,إضافة كراميل,إضافة كراميل,20,0,5
آيس كراميل ميكاتو,إضافات,إضافات,إضافة مارشميلو,إضافة مارشميلو,15,0,5
آيس كراميل ميكاتو,إضافات,إضافات,إضافة قرفة,إضافة قرفة,15,0,5
آيس كراميل ميكاتو,إضافات,إضافات,إضافة لوتس,إضافة لوتس,30,0,5
آيس كراميل ميكاتو,إضافات,إضافات,إضافة أوريو,إضافة أوريو,30,0,5
آيس موكا شيك,إضافات,إضافات,إضافة شوت اسبريسو,إضافة شوت اسبريسو,30,0,5
آيس موكا شيك,إضافات,إضافات,إضافة لبن,إضافة لبن,20,0,5
آيس موكا شيك,إضافات,إضافات,إضافة كريمة,إضافة كريمة,20,0,5
آيس موكا شيك,إضافات,إضافات,إضافة صوص كراميل,إضافة صوص كراميل,15,0,5
آيس موكا شيك,إضافات,إضافات,إضافة صوص شوكولاتة,إضافة صوص شوكولاتة,15,0,5
آيس موكا شيك,إضافات,إضافات,إضافة فانيليا,إضافة فانيليا,15,0,5
آيس موكا شيك,إضافات,إضافات,إضافة بندق,إضافة بندق,25,0,5
آيس موكا شيك,إضافات,إضافات,إضافة كراميل,إضافة كراميل,20,0,5
آيس موكا شيك,إضافات,إضافات,إضافة مارشميلو,إضافة مارشميلو,15,0,5
آيس موكا شيك,إضافات,إضافات,إضافة قرفة,إضافة قرفة,15,0,5
آيس موكا شيك,إضافات,إضافات,إضافة لوتس,إضافة لوتس,30,0,5
آيس موكا شيك,إضافات,إضافات,إضافة أوريو,إضافة أوريو,30,0,5
آيس لاتيه (لايت),إضافات,إضافات,إضافة شوت اسبريسو,إضافة شوت اسبريسو,30,0,5
آيس لاتيه (لايت),إضافات,إضافات,إضافة لبن,إضافة لبن,20,0,5
آيس لاتيه (لايت),إضافات,إضافات,إضافة كريمة,إضافة كريمة,20,0,5
آيس لاتيه (لايت),إضافات,إضافات,إضافة صوص كراميل,إضافة صوص كراميل,15,0,5
آيس لاتيه (لايت),إضافات,إضافات,إضافة صوص شوكولاتة,إضافة صوص شوكولاتة,15,0,5
آيس لاتيه (لايت),إضافات,إضافات,إضافة فانيليا,إضافة فانيليا,15,0,5
آيس لاتيه (لايت),إضافات,إضافات,إضافة بندق,إضافة بندق,25,0,5
آيس لاتيه (لايت),إضافات,إضافات,إضافة كراميل,إضافة كراميل,20,0,5
آيس لاتيه (لايت),إضافات,إضافات,إضافة مارشميلو,إضافة مارشميلو,15,0,5
آيس لاتيه (لايت),إضافات,إضافات,إضافة قرفة,إضافة قرفة,15,0,5
آيس لاتيه (لايت),إضافات,إضافات,إضافة لوتس,إضافة لوتس,30,0,5
آيس لاتيه (لايت),إضافات,إضافات,إضافة أوريو,إضافة أوريو,30,0,5
برتقال,إضافات,إضافات,إضافة شوت اسبريسو,إضافة شوت اسبريسو,30,0,5
برتقال,إضافات,إضافات,إضافة لبن,إضافة لبن,20,0,5
برتقال,إضافات,إضافات,إضافة كريمة,إضافة كريمة,20,0,5
برتقال,إضافات,إضافات,إضافة صوص كراميل,إضافة صوص كراميل,15,0,5
برتقال,إضافات,إضافات,إضافة صوص شوكولاتة,إضافة صوص شوكولاتة,15,0,5
برتقال,إضافات,إضافات,إضافة فانيليا,إضافة فانيليا,15,0,5
برتقال,إضافات,إضافات,إضافة بندق,إضافة بندق,25,0,5
برتقال,إضافات,إضافات,إضافة كراميل,إضافة كراميل,20,0,5
برتقال,إضافات,إضافات,إضافة مارشميلو,إضافة مارشميلو,15,0,5
برتقال,إضافات,إضافات,إضافة قرفة,إضافة قرفة,15,0,5
برتقال,إضافات,إضافات,إضافة لوتس,إضافة لوتس,30,0,5
برتقال,إضافات,إضافات,إضافة أوريو,إضافة أوريو,30,0,5
فراولة,إضافات,إضافات,إضافة شوت اسبريسو,إضافة شوت اسبريسو,30,0,5
فراولة,إضافات,إضافات,إضافة لبن,إضافة لبن,20,0,5
فراولة,إضافات,إضافات,إضافة كريمة,إضافة كريمة,20,0,5
فراولة,إضافات,إضافات,إضافة صوص كراميل,إضافة صوص كراميل,15,0,5
فراولة,إضافات,إضافات,إضافة صوص شوكولاتة,إضافة صوص شوكولاتة,15,0,5
فراولة,إضافات,إضافات,إضافة فانيليا,إضافة فانيليا,15,0,5
فراولة,إضافات,إضافات,إضافة بندق,إضافة بندق,25,0,5
فراولة,إضافات,إضافات,إضافة كراميل,إضافة كراميل,20,0,5
فراولة,إضافات,إضافات,إضافة مارشميلو,إضافة مارشميلو,15,0,5
فراولة,إضافات,إضافات,إضافة قرفة,إضافة قرفة,15,0,5
فراولة,إضافات,إضافات,إضافة لوتس,إضافة لوتس,30,0,5
فراولة,إضافات,إضافات,إضافة أوريو,إضافة أوريو,30,0,5
مانجو,إضافات,إضافات,إضافة شوت اسبريسو,إضافة شوت اسبريسو,30,0,5
مانجو,إضافات,إضافات,إضافة لبن,إضافة لبن,20,0,5
مانجو,إضافات,إضافات,إضافة كريمة,إضافة كريمة,20,0,5
مانجو,إضافات,إضافات,إضافة صوص كراميل,إضافة صوص كراميل,15,0,5
مانجو,إضافات,إضافات,إضافة صوص شوكولاتة,إضافة صوص شوكولاتة,15,0,5
مانجو,إضافات,إضافات,إضافة فانيليا,إضافة فانيليا,15,0,5
مانجو,إضافات,إضافات,إضافة بندق,إضافة بندق,25,0,5
مانجو,إضافات,إضافات,إضافة كراميل,إضافة كراميل,20,0,5
مانجو,إضافات,إضافات,إضافة مارشميلو,إضافة مارشميلو,15,0,5
مانجو,إضافات,إضافات,إضافة قرفة,إضافة قرفة,15,0,5
مانجو,إضافات,إضافات,إضافة لوتس,إضافة لوتس,30,0,5
مانجو,إضافات,إضافات,إضافة أوريو,إضافة أوريو,30,0,5
جوافة,إضافات,إضافات,إضافة شوت اسبريسو,إضافة شوت اسبريسو,30,0,5
جوافة,إضافات,إضافات,إضافة لبن,إضافة لبن,20,0,5
جوافة,إضافات,إضافات,إضافة كريمة,إضافة كريمة,20,0,5
جوافة,إضافات,إضافات,إضافة صوص كراميل,إضافة صوص كراميل,15,0,5
جوافة,إضافات,إضافات,إضافة صوص شوكولاتة,إضافة صوص شوكولاتة,15,0,5
جوافة,إضافات,إضافات,إضافة فانيليا,إضافة فانيليا,15,0,5
جوافة,إضافات,إضافات,إضافة بندق,إضافة بندق,25,0,5
جوافة,إضافات,إضافات,إضافة كراميل,إضافة كراميل,20,0,5
جوافة,إضافات,إضافات,إضافة مارشميلو,إضافة مارشميلو,15,0,5
جوافة,إضافات,إضافات,إضافة قرفة,إضافة قرفة,15,0,5
جوافة,إضافات,إضافات,إضافة لوتس,إضافة لوتس,30,0,5
جوافة,إضافات,إضافات,إضافة أوريو,إضافة أوريو,30,0,5
موز,إضافات,إضافات,إضافة شوت اسبريسو,إضافة شوت اسبريسو,30,0,5
موز,إضافات,إضافات,إضافة لبن,إضافة لبن,20,0,5
موز,إضافات,إضافات,إضافة كريمة,إضافة كريمة,20,0,5
موز,إضافات,إضافات,إضافة صوص كراميل,إضافة صوص كراميل,15,0,5
موز,إضافات,إضافات,إضافة صوص شوكولاتة,إضافة صوص شوكولاتة,15,0,5
موز,إضافات,إضافات,إضافة فانيليا,إضافة فانيليا,15,0,5
موز,إضافات,إضافات,إضافة بندق,إضافة بندق,25,0,5
موز,إضافات,إضافات,إضافة كراميل,إضافة كراميل,20,0,5
موز,إضافات,إضافات,إضافة مارشميلو,إضافة مارشميلو,15,0,5
موز,إضافات,إضافات,إضافة قرفة,إضافة قرفة,15,0,5
موز,إضافات,إضافات,إضافة لوتس,إضافة لوتس,30,0,5
موز,إضافات,إضافات,إضافة أوريو,إضافة أوريو,30,0,5
ليمون,إضافات,إضافات,إضافة شوت اسبريسو,إضافة شوت اسبريسو,30,0,5
ليمون,إضافات,إضافات,إضافة لبن,إضافة لبن,20,0,5
ليمون,إضافات,إضافات,إضافة كريمة,إضافة كريمة,20,0,5
ليمون,إضافات,إضافات,إضافة صوص كراميل,إضافة صوص كراميل,15,0,5
ليمون,إضافات,إضافات,إضافة صوص شوكولاتة,إضافة صوص شوكولاتة,15,0,5
ليمون,إضافات,إضافات,إضافة فانيليا,إضافة فانيليا,15,0,5
ليمون,إضافات,إضافات,إضافة بندق,إضافة بندق,25,0,5
ليمون,إضافات,إضافات,إضافة كراميل,إضافة كراميل,20,0,5
ليمون,إضافات,إضافات,إضافة مارشميلو,إضافة مارشميلو,15,0,5
ليمون,إضافات,إضافات,إضافة قرفة,إضافة قرفة,15,0,5
ليمون,إضافات,إضافات,إضافة لوتس,إضافة لوتس,30,0,5
ليمون,إضافات,إضافات,إضافة أوريو,إضافة أوريو,30,0,5
ليمون نعناع,إضافات,إضافات,إضافة شوت اسبريسو,إضافة شوت اسبريسو,30,0,5
ليمون نعناع,إضافات,إضافات,إضافة لبن,إضافة لبن,20,0,5
ليمون نعناع,إضافات,إضافات,إضافة كريمة,إضافة كريمة,20,0,5
ليمون نعناع,إضافات,إضافات,إضافة صوص كراميل,إضافة صوص كراميل,15,0,5
ليمون نعناع,إضافات,إضافات,إضافة صوص شوكولاتة,إضافة صوص شوكولاتة,15,0,5
ليمون نعناع,إضافات,إضافات,إضافة فانيليا,إضافة فانيليا,15,0,5
ليمون نعناع,إضافات,إضافات,إضافة بندق,إضافة بندق,25,0,5
ليمون نعناع,إضافات,إضافات,إضافة كراميل,إضافة كراميل,20,0,5
ليمون نعناع,إضافات,إضافات,إضافة مارشميلو,إضافة مارشميلو,15,0,5
ليمون نعناع,إضافات,إضافات,إضافة قرفة,إضافة قرفة,15,0,5
ليمون نعناع,إضافات,إضافات,إضافة لوتس,إضافة لوتس,30,0,5
ليمون نعناع,إضافات,إضافات,إضافة أوريو,إضافة أوريو,30,0,5
رمان,إضافات,إضافات,إضافة شوت اسبريسو,إضافة شوت اسبريسو,30,0,5
رمان,إضافات,إضافات,إضافة لبن,إضافة لبن,20,0,5
رمان,إضافات,إضافات,إضافة كريمة,إضافة كريمة,20,0,5
رمان,إضافات,إضافات,إضافة صوص كراميل,إضافة صوص كراميل,15,0,5
رمان,إضافات,إضافات,إضافة صوص شوكولاتة,إضافة صوص شوكولاتة,15,0,5
رمان,إضافات,إضافات,إضافة فانيليا,إضافة فانيليا,15,0,5
رمان,إضافات,إضافات,إضافة بندق,إضافة بندق,25,0,5
رمان,إضافات,إضافات,إضافة كراميل,إضافة كراميل,20,0,5
رمان,إضافات,إضافات,إضافة مارشميلو,إضافة مارشميلو,15,0,5
رمان,إضافات,إضافات,إضافة قرفة,إضافة قرفة,15,0,5
رمان,إضافات,إضافات,إضافة لوتس,إضافة لوتس,30,0,5
رمان,إضافات,إضافات,إضافة أوريو,إضافة أوريو,30,0,5
بطيخ,إضافات,إضافات,إضافة شوت اسبريسو,إضافة شوت اسبريسو,30,0,5
بطيخ,إضافات,إضافات,إضافة لبن,إضافة لبن,20,0,5
بطيخ,إضافات,إضافات,إضافة كريمة,إضافة كريمة,20,0,5
بطيخ,إضافات,إضافات,إضافة صوص كراميل,إضافة صوص كراميل,15,0,5
بطيخ,إضافات,إضافات,إضافة صوص شوكولاتة,إضافة صوص شوكولاتة,15,0,5
بطيخ,إضافات,إضافات,إضافة فانيليا,إضافة فانيليا,15,0,5
بطيخ,إضافات,إضافات,إضافة بندق,إضافة بندق,25,0,5
بطيخ,إضافات,إضافات,إضافة كراميل,إضافة كراميل,20,0,5
بطيخ,إضافات,إضافات,إضافة مارشميلو,إضافة مارشميلو,15,0,5
بطيخ,إضافات,إضافات,إضافة قرفة,إضافة قرفة,15,0,5
بطيخ,إضافات,إضافات,إضافة لوتس,إضافة لوتس,30,0,5
بطيخ,إضافات,إضافات,إضافة أوريو,إضافة أوريو,30,0,5
أناناس,إضافات,إضافات,إضافة شوت اسبريسو,إضافة شوت اسبريسو,30,0,5
أناناس,إضافات,إضافات,إضافة لبن,إضافة لبن,20,0,5
أناناس,إضافات,إضافات,إضافة كريمة,إضافة كريمة,20,0,5
أناناس,إضافات,إضافات,إضافة صوص كراميل,إضافة صوص كراميل,15,0,5
أناناس,إضافات,إضافات,إضافة صوص شوكولاتة,إضافة صوص شوكولاتة,15,0,5
أناناس,إضافات,إضافات,إضافة فانيليا,إضافة فانيليا,15,0,5
أناناس,إضافات,إضافات,إضافة بندق,إضافة بندق,25,0,5
أناناس,إضافات,إضافات,إضافة كراميل,إضافة كراميل,20,0,5
أناناس,إضافات,إضافات,إضافة مارشميلو,إضافة مارشميلو,15,0,5
أناناس,إضافات,إضافات,إضافة قرفة,إضافة قرفة,15,0,5
أناناس,إضافات,إضافات,إضافة لوتس,إضافة لوتس,30,0,5
أناناس,إضافات,إضافات,إضافة أوريو,إضافة أوريو,30,0,5
روزا ليمون,إضافات,إضافات,إضافة شوت اسبريسو,إضافة شوت اسبريسو,30,0,5
روزا ليمون,إضافات,إضافات,إضافة لبن,إضافة لبن,20,0,5
روزا ليمون,إضافات,إضافات,إضافة كريمة,إضافة كريمة,20,0,5
روزا ليمون,إضافات,إضافات,إضافة صوص كراميل,إضافة صوص كراميل,15,0,5
روزا ليمون,إضافات,إضافات,إضافة صوص شوكولاتة,إضافة صوص شوكولاتة,15,0,5
روزا ليمون,إضافات,إضافات,إضافة فانيليا,إضافة فانيليا,15,0,5
روزا ليمون,إضافات,إضافات,إضافة بندق,إضافة بندق,25,0,5
روزا ليمون,إضافات,إضافات,إضافة كراميل,إضافة كراميل,20,0,5
روزا ليمون,إضافات,إضافات,إضافة مارشميلو,إضافة مارشميلو,15,0,5
روزا ليمون,إضافات,إضافات,إضافة قرفة,إضافة قرفة,15,0,5
روزا ليمون,إضافات,إضافات,إضافة لوتس,إضافة لوتس,30,0,5
روزا ليمون,إضافات,إضافات,إضافة أوريو,إضافة أوريو,30,0,5
روزا فراولة,إضافات,إضافات,إضافة شوت اسبريسو,إضافة شوت اسبريسو,30,0,5
روزا فراولة,إضافات,إضافات,إضافة لبن,إضافة لبن,20,0,5
روزا فراولة,إضافات,إضافات,إضافة كريمة,إضافة كريمة,20,0,5
روزا فراولة,إضافات,إضافات,إضافة صوص كراميل,إضافة صوص كراميل,15,0,5
روزا فراولة,إضافات,إضافات,إضافة صوص شوكولاتة,إضافة صوص شوكولاتة,15,0,5
روزا فراولة,إضافات,إضافات,إضافة فانيليا,إضافة فانيليا,15,0,5
روزا فراولة,إضافات,إضافات,إضافة بندق,إضافة بندق,25,0,5
روزا فراولة,إضافات,إضافات,إضافة كراميل,إضافة كراميل,20,0,5
روزا فراولة,إضافات,إضافات,إضافة مارشميلو,إضافة مارشميلو,15,0,5
روزا فراولة,إضافات,إضافات,إضافة قرفة,إضافة قرفة,15,0,5
روزا فراولة,إضافات,إضافات,إضافة لوتس,إضافة لوتس,30,0,5
روزا فراولة,إضافات,إضافات,إضافة أوريو,إضافة أوريو,30,0,5
روزا مانجو,إضافات,إضافات,إضافة شوت اسبريسو,إضافة شوت اسبريسو,30,0,5
روزا مانجو,إضافات,إضافات,إضافة لبن,إضافة لبن,20,0,5
روزا مانجو,إضافات,إضافات,إضافة كريمة,إضافة كريمة,20,0,5
روزا مانجو,إضافات,إضافات,إضافة صوص كراميل,إضافة صوص كراميل,15,0,5
روزا مانجو,إضافات,إضافات,إضافة صوص شوكولاتة,إضافة صوص شوكولاتة,15,0,5
روزا مانجو,إضافات,إضافات,إضافة فانيليا,إضافة فانيليا,15,0,5
روزا مانجو,إضافات,إضافات,إضافة بندق,إضافة بندق,25,0,5
روزا مانجو,إضافات,إضافات,إضافة كراميل,إضافة كراميل,20,0,5
روزا مانجو,إضافات,إضافات,إضافة مارشميلو,إضافة مارشميلو,15,0,5
روزا مانجو,إضافات,إضافات,إضافة قرفة,إضافة قرفة,15,0,5
روزا مانجو,إضافات,إضافات,إضافة لوتس,إضافة لوتس,30,0,5
روزا مانجو,إضافات,إضافات,إضافة أوريو,إضافة أوريو,30,0,5
روزا بطيخ,إضافات,إضافات,إضافة شوت اسبريسو,إضافة شوت اسبريسو,30,0,5
روزا بطيخ,إضافات,إضافات,إضافة لبن,إضافة لبن,20,0,5
روزا بطيخ,إضافات,إضافات,إضافة كريمة,إضافة كريمة,20,0,5
روزا بطيخ,إضافات,إضافات,إضافة صوص كراميل,إضافة صوص كراميل,15,0,5
روزا بطيخ,إضافات,إضافات,إضافة صوص شوكولاتة,إضافة صوص شوكولاتة,15,0,5
روزا بطيخ,إضافات,إضافات,إضافة فانيليا,إضافة فانيليا,15,0,5
روزا بطيخ,إضافات,إضافات,إضافة بندق,إضافة بندق,25,0,5
روزا بطيخ,إضافات,إضافات,إضافة كراميل,إضافة كراميل,20,0,5
روزا بطيخ,إضافات,إضافات,إضافة مارشميلو,إضافة مارشميلو,15,0,5
روزا بطيخ,إضافات,إضافات,إضافة قرفة,إضافة قرفة,15,0,5
روزا بطيخ,إضافات,إضافات,إضافة لوتس,إضافة لوتس,30,0,5
روزا بطيخ,إضافات,إضافات,إضافة أوريو,إضافة أوريو,30,0,5
روزا توت,إضافات,إضافات,إضافة شوت اسبريسو,إضافة شوت اسبريسو,30,0,5
روزا توت,إضافات,إضافات,إضافة لبن,إضافة لبن,20,0,5
روزا توت,إضافات,إضافات,إضافة كريمة,إضافة كريمة,20,0,5
روزا توت,إضافات,إضافات,إضافة صوص كراميل,إضافة صوص كراميل,15,0,5
روزا توت,إضافات,إضافات,إضافة صوص شوكولاتة,إضافة صوص شوكولاتة,15,0,5
روزا توت,إضافات,إضافات,إضافة فانيليا,إضافة فانيليا,15,0,5
روزا توت,إضافات,إضافات,إضافة بندق,إضافة بندق,25,0,5
روزا توت,إضافات,إضافات,إضافة كراميل,إضافة كراميل,20,0,5
روزا توت,إضافات,إضافات,إضافة مارشميلو,إضافة مارشميلو,15,0,5
روزا توت,إضافات,إضافات,إضافة قرفة,إضافة قرفة,15,0,5
روزا توت,إضافات,إضافات,إضافة لوتس,إضافة لوتس,30,0,5
روزا توت,إضافات,إضافات,إضافة أوريو,إضافة أوريو,30,0,5
روزا أناناس,إضافات,إضافات,إضافة شوت اسبريسو,إضافة شوت اسبريسو,30,0,5
روزا أناناس,إضافات,إضافات,إضافة لبن,إضافة لبن,20,0,5
روزا أناناس,إضافات,إضافات,إضافة كريمة,إضافة كريمة,20,0,5
روزا أناناس,إضافات,إضافات,إضافة صوص كراميل,إضافة صوص كراميل,15,0,5
روزا أناناس,إضافات,إضافات,إضافة صوص شوكولاتة,إضافة صوص شوكولاتة,15,0,5
روزا أناناس,إضافات,إضافات,إضافة فانيليا,إضافة فانيليا,15,0,5
روزا أناناس,إضافات,إضافات,إضافة بندق,إضافة بندق,25,0,5
روزا أناناس,إضافات,إضافات,إضافة كراميل,إضافة كراميل,20,0,5
روزا أناناس,إضافات,إضافات,إضافة مارشميلو,إضافة مارشميلو,15,0,5
روزا أناناس,إضافات,إضافات,إضافة قرفة,إضافة قرفة,15,0,5
روزا أناناس,إضافات,إضافات,إضافة لوتس,إضافة لوتس,30,0,5
روزا أناناس,إضافات,إضافات,إضافة أوريو,إضافة أوريو,30,0,5
روزا مشكل,إضافات,إضافات,إضافة شوت اسبريسو,إضافة شوت اسبريسو,30,0,5
روزا مشكل,إضافات,إضافات,إضافة لبن,إضافة لبن,20,0,5
روزا مشكل,إضافات,إضافات,إضافة كريمة,إضافة كريمة,20,0,5
روزا مشكل,إضافات,إضافات,إضافة صوص كراميل,إضافة صوص كراميل,15,0,5
روزا مشكل,إضافات,إضافات,إضافة صوص شوكولاتة,إضافة صوص شوكولاتة,15,0,5
روزا مشكل,إضافات,إضافات,إضافة فانيليا,إضافة فانيليا,15,0,5
روزا مشكل,إضافات,إضافات,إضافة بندق,إضافة بندق,25,0,5
روزا مشكل,إضافات,إضافات,إضافة كراميل,إضافة كراميل,20,0,5
روزا مشكل,إضافات,إضافات,إضافة مارشميلو,إضافة مارشميلو,15,0,5
روزا مشكل,إضافات,إضافات,إضافة قرفة,إضافة قرفة,15,0,5
روزا مشكل,إضافات,إضافات,إضافة لوتس,إضافة لوتس,30,0,5
روزا مشكل,إضافات,إضافات,إضافة أوريو,إضافة أوريو,30,0,5
روزا كيوي,إضافات,إضافات,إضافة شوت اسبريسو,إضافة شوت اسبريسو,30,0,5
روزا كيوي,إضافات,إضافات,إضافة لبن,إضافة لبن,20,0,5
روزا كيوي,إضافات,إضافات,إضافة كريمة,إضافة كريمة,20,0,5
روزا كيوي,إضافات,إضافات,إضافة صوص كراميل,إضافة صوص كراميل,15,0,5
روزا كيوي,إضافات,إضافات,إضافة صوص شوكولاتة,إضافة صوص شوكولاتة,15,0,5
روزا كيوي,إضافات,إضافات,إضافة فانيليا,إضافة فانيليا,15,0,5
روزا كيوي,إضافات,إضافات,إضافة بندق,إضافة بندق,25,0,5
روزا كيوي,إضافات,إضافات,إضافة كراميل,إضافة كراميل,20,0,5
روزا كيوي,إضافات,إضافات,إضافة مارشميلو,إضافة مارشميلو,15,0,5
روزا كيوي,إضافات,إضافات,إضافة قرفة,إضافة قرفة,15,0,5
روزا كيوي,إضافات,إضافات,إضافة لوتس,إضافة لوتس,30,0,5
روزا كيوي,إضافات,إضافات,إضافة أوريو,إضافة أوريو,30,0,5
سموذي فراولة,إضافات,إضافات,إضافة شوت اسبريسو,إضافة شوت اسبريسو,30,0,5
سموذي فراولة,إضافات,إضافات,إضافة لبن,إضافة لبن,20,0,5
سموذي فراولة,إضافات,إضافات,إضافة كريمة,إضافة كريمة,20,0,5
سموذي فراولة,إضافات,إضافات,إضافة صوص كراميل,إضافة صوص كراميل,15,0,5
سموذي فراولة,إضافات,إضافات,إضافة صوص شوكولاتة,إضافة صوص شوكولاتة,15,0,5
سموذي فراولة,إضافات,إضافات,إضافة فانيليا,إضافة فانيليا,15,0,5
سموذي فراولة,إضافات,إضافات,إضافة بندق,إضافة بندق,25,0,5
سموذي فراولة,إضافات,إضافات,إضافة كراميل,إضافة كراميل,20,0,5
سموذي فراولة,إضافات,إضافات,إضافة مارشميلو,إضافة مارشميلو,15,0,5
سموذي فراولة,إضافات,إضافات,إضافة قرفة,إضافة قرفة,15,0,5
سموذي فراولة,إضافات,إضافات,إضافة لوتس,إضافة لوتس,30,0,5
سموذي فراولة,إضافات,إضافات,إضافة أوريو,إضافة أوريو,30,0,5
سموذي مانجو,إضافات,إضافات,إضافة شوت اسبريسو,إضافة شوت اسبريسو,30,0,5
سموذي مانجو,إضافات,إضافات,إضافة لبن,إضافة لبن,20,0,5
سموذي مانجو,إضافات,إضافات,إضافة كريمة,إضافة كريمة,20,0,5
سموذي مانجو,إضافات,إضافات,إضافة صوص كراميل,إضافة صوص كراميل,15,0,5
سموذي مانجو,إضافات,إضافات,إضافة صوص شوكولاتة,إضافة صوص شوكولاتة,15,0,5
سموذي مانجو,إضافات,إضافات,إضافة فانيليا,إضافة فانيليا,15,0,5
سموذي مانجو,إضافات,إضافات,إضافة بندق,إضافة بندق,25,0,5
سموذي مانجو,إضافات,إضافات,إضافة كراميل,إضافة كراميل,20,0,5
سموذي مانجو,إضافات,إضافات,إضافة مارشميلو,إضافة مارشميلو,15,0,5
سموذي مانجو,إضافات,إضافات,إضافة قرفة,إضافة قرفة,15,0,5
سموذي مانجو,إضافات,إضافات,إضافة لوتس,إضافة لوتس,30,0,5
سموذي مانجو,إضافات,إضافات,إضافة أوريو,إضافة أوريو,30,0,5
سموذي موز,إضافات,إضافات,إضافة شوت اسبريسو,إضافة شوت اسبريسو,30,0,5
سموذي موز,إضافات,إضافات,إضافة لبن,إضافة لبن,20,0,5
سموذي موز,إضافات,إضافات,إضافة كريمة,إضافة كريمة,20,0,5
سموذي موز,إضافات,إضافات,إضافة صوص كراميل,إضافة صوص كراميل,15,0,5
سموذي موز,إضافات,إضافات,إضافة صوص شوكولاتة,إضافة صوص شوكولاتة,15,0,5
سموذي موز,إضافات,إضافات,إضافة فانيليا,إضافة فانيليا,15,0,5
سموذي موز,إضافات,إضافات,إضافة بندق,إضافة بندق,25,0,5
سموذي موز,إضافات,إضافات,إضافة كراميل,إضافة كراميل,20,0,5
سموذي موز,إضافات,إضافات,إضافة مارشميلو,إضافة مارشميلو,15,0,5
سموذي موز,إضافات,إضافات,إضافة قرفة,إضافة قرفة,15,0,5
سموذي موز,إضافات,إضافات,إضافة لوتس,إضافة لوتس,30,0,5
سموذي موز,إضافات,إضافات,إضافة أوريو,إضافة أوريو,30,0,5
سموذي توت,إضافات,إضافات,إضافة شوت اسبريسو,إضافة شوت اسبريسو,30,0,5
سموذي توت,إضافات,إضافات,إضافة لبن,إضافة لبن,20,0,5
سموذي توت,إضافات,إضافات,إضافة كريمة,إضافة كريمة,20,0,5
سموذي توت,إضافات,إضافات,إضافة صوص كراميل,إضافة صوص كراميل,15,0,5
سموذي توت,إضافات,إضافات,إضافة صوص شوكولاتة,إضافة صوص شوكولاتة,15,0,5
سموذي توت,إضافات,إضافات,إضافة فانيليا,إضافة فانيليا,15,0,5
سموذي توت,إضافات,إضافات,إضافة بندق,إضافة بندق,25,0,5
سموذي توت,إضافات,إضافات,إضافة كراميل,إضافة كراميل,20,0,5
سموذي توت,إضافات,إضافات,إضافة مارشميلو,إضافة مارشميلو,15,0,5
سموذي توت,إضافات,إضافات,إضافة قرفة,إضافة قرفة,15,0,5
سموذي توت,إضافات,إضافات,إضافة لوتس,إضافة لوتس,30,0,5
سموذي توت,إضافات,إضافات,إضافة أوريو,إضافة أوريو,30,0,5
سموذي خوخ,إضافات,إضافات,إضافة شوت اسبريسو,إضافة شوت اسبريسو,30,0,5
سموذي خوخ,إضافات,إضافات,إضافة لبن,إضافة لبن,20,0,5
سموذي خوخ,إضافات,إضافات,إضافة كريمة,إضافة كريمة,20,0,5
سموذي خوخ,إضافات,إضافات,إضافة صوص كراميل,إضافة صوص كراميل,15,0,5
سموذي خوخ,إضافات,إضافات,إضافة صوص شوكولاتة,إضافة صوص شوكولاتة,15,0,5
سموذي خوخ,إضافات,إضافات,إضافة فانيليا,إضافة فانيليا,15,0,5
سموذي خوخ,إضافات,إضافات,إضافة بندق,إضافة بندق,25,0,5
سموذي خوخ,إضافات,إضافات,إضافة كراميل,إضافة كراميل,20,0,5
سموذي خوخ,إضافات,إضافات,إضافة مارشميلو,إضافة مارشميلو,15,0,5
سموذي خوخ,إضافات,إضافات,إضافة قرفة,إضافة قرفة,15,0,5
سموذي خوخ,إضافات,إضافات,إضافة لوتس,إضافة لوتس,30,0,5
سموذي خوخ,إضافات,إضافات,إضافة أوريو,إضافة أوريو,30,0,5
سموذي أناناس,إضافات,إضافات,إضافة شوت اسبريسو,إضافة شوت اسبريسو,30,0,5
سموذي أناناس,إضافات,إضافات,إضافة لبن,إضافة لبن,20,0,5
سموذي أناناس,إضافات,إضافات,إضافة كريمة,إضافة كريمة,20,0,5
سموذي أناناس,إضافات,إضافات,إضافة صوص كراميل,إضافة صوص كراميل,15,0,5
سموذي أناناس,إضافات,إضافات,إضافة صوص شوكولاتة,إضافة صوص شوكولاتة,15,0,5
سموذي أناناس,إضافات,إضافات,إضافة فانيليا,إضافة فانيليا,15,0,5
سموذي أناناس,إضافات,إضافات,إضافة بندق,إضافة بندق,25,0,5
سموذي أناناس,إضافات,إضافات,إضافة كراميل,إضافة كراميل,20,0,5
سموذي أناناس,إضافات,إضافات,إضافة مارشميلو,إضافة مارشميلو,15,0,5
سموذي أناناس,إضافات,إضافات,إضافة قرفة,إضافة قرفة,15,0,5
سموذي أناناس,إضافات,إضافات,إضافة لوتس,إضافة لوتس,30,0,5
سموذي أناناس,إضافات,إضافات,إضافة أوريو,إضافة أوريو,30,0,5
سموذي كيوي,إضافات,إضافات,إضافة شوت اسبريسو,إضافة شوت اسبريسو,30,0,5
سموذي كيوي,إضافات,إضافات,إضافة لبن,إضافة لبن,20,0,5
سموذي كيوي,إضافات,إضافات,إضافة كريمة,إضافة كريمة,20,0,5
سموذي كيوي,إضافات,إضافات,إضافة صوص كراميل,إضافة صوص كراميل,15,0,5
سموذي كيوي,إضافات,إضافات,إضافة صوص شوكولاتة,إضافة صوص شوكولاتة,15,0,5
سموذي كيوي,إضافات,إضافات,إضافة فانيليا,إضافة فانيليا,15,0,5
سموذي كيوي,إضافات,إضافات,إضافة بندق,إضافة بندق,25,0,5
سموذي كيوي,إضافات,إضافات,إضافة كراميل,إضافة كراميل,20,0,5
سموذي كيوي,إضافات,إضافات,إضافة مارشميلو,إضافة مارشميلو,15,0,5
سموذي كيوي,إضافات,إضافات,إضافة قرفة,إضافة قرفة,15,0,5
سموذي كيوي,إضافات,إضافات,إضافة لوتس,إضافة لوتس,30,0,5
سموذي كيوي,إضافات,إضافات,إضافة أوريو,إضافة أوريو,30,0,5
سموذي بطيخ نعناع,إضافات,إضافات,إضافة شوت اسبريسو,إضافة شوت اسبريسو,30,0,5
سموذي بطيخ نعناع,إضافات,إضافات,إضافة لبن,إضافة لبن,20,0,5
سموذي بطيخ نعناع,إضافات,إضافات,إضافة كريمة,إضافة كريمة,20,0,5
سموذي بطيخ نعناع,إضافات,إضافات,إضافة صوص كراميل,إضافة صوص كراميل,15,0,5
سموذي بطيخ نعناع,إضافات,إضافات,إضافة صوص شوكولاتة,إضافة صوص شوكولاتة,15,0,5
سموذي بطيخ نعناع,إضافات,إضافات,إضافة فانيليا,إضافة فانيليا,15,0,5
سموذي بطيخ نعناع,إضافات,إضافات,إضافة بندق,إضافة بندق,25,0,5
سموذي بطيخ نعناع,إضافات,إضافات,إضافة كراميل,إضافة كراميل,20,0,5
سموذي بطيخ نعناع,إضافات,إضافات,إضافة مارشميلو,إضافة مارشميلو,15,0,5
سموذي بطيخ نعناع,إضافات,إضافات,إضافة قرفة,إضافة قرفة,15,0,5
سموذي بطيخ نعناع,إضافات,إضافات,إضافة لوتس,إضافة لوتس,30,0,5
سموذي بطيخ نعناع,إضافات,إضافات,إضافة أوريو,إضافة أوريو,30,0,5
سموذي فراولة موز,إضافات,إضافات,إضافة شوت اسبريسو,إضافة شوت اسبريسو,30,0,5
سموذي فراولة موز,إضافات,إضافات,إضافة لبن,إضافة لبن,20,0,5
سموذي فراولة موز,إضافات,إضافات,إضافة كريمة,إضافة كريمة,20,0,5
سموذي فراولة موز,إضافات,إضافات,إضافة صوص كراميل,إضافة صوص كراميل,15,0,5
سموذي فراولة موز,إضافات,إضافات,إضافة صوص شوكولاتة,إضافة صوص شوكولاتة,15,0,5
سموذي فراولة موز,إضافات,إضافات,إضافة فانيليا,إضافة فانيليا,15,0,5
سموذي فراولة موز,إضافات,إضافات,إضافة بندق,إضافة بندق,25,0,5
سموذي فراولة موز,إضافات,إضافات,إضافة كراميل,إضافة كراميل,20,0,5
سموذي فراولة موز,إضافات,إضافات,إضافة مارشميلو,إضافة مارشميلو,15,0,5
سموذي فراولة موز,إضافات,إضافات,إضافة قرفة,إضافة قرفة,15,0,5
سموذي فراولة موز,إضافات,إضافات,إضافة لوتس,إضافة لوتس,30,0,5
سموذي فراولة موز,إضافات,إضافات,إضافة أوريو,إضافة أوريو,30,0,5
سموذي مانجو خوخ,إضافات,إضافات,إضافة شوت اسبريسو,إضافة شوت اسبريسو,30,0,5
سموذي مانجو خوخ,إضافات,إضافات,إضافة لبن,إضافة لبن,20,0,5
سموذي مانجو خوخ,إضافات,إضافات,إضافة كريمة,إضافة كريمة,20,0,5
سموذي مانجو خوخ,إضافات,إضافات,إضافة صوص كراميل,إضافة صوص كراميل,15,0,5
سموذي مانجو خوخ,إضافات,إضافات,إضافة صوص شوكولاتة,إضافة صوص شوكولاتة,15,0,5
سموذي مانجو خوخ,إضافات,إضافات,إضافة فانيليا,إضافة فانيليا,15,0,5
سموذي مانجو خوخ,إضافات,إضافات,إضافة بندق,إضافة بندق,25,0,5
سموذي مانجو خوخ,إضافات,إضافات,إضافة كراميل,إضافة كراميل,20,0,5
سموذي مانجو خوخ,إضافات,إضافات,إضافة مارشميلو,إضافة مارشميلو,15,0,5
سموذي مانجو خوخ,إضافات,إضافات,إضافة قرفة,إضافة قرفة,15,0,5
سموذي مانجو خوخ,إضافات,إضافات,إضافة لوتس,إضافة لوتس,30,0,5
سموذي مانجو خوخ,إضافات,إضافات,إضافة أوريو,إضافة أوريو,30,0,5
سموذي توت مشكل,إضافات,إضافات,إضافة شوت اسبريسو,إضافة شوت اسبريسو,30,0,5
سموذي توت مشكل,إضافات,إضافات,إضافة لبن,إضافة لبن,20,0,5
سموذي توت مشكل,إضافات,إضافات,إضافة كريمة,إضافة كريمة,20,0,5
سموذي توت مشكل,إضافات,إضافات,إضافة صوص كراميل,إضافة صوص كراميل,15,0,5
سموذي توت مشكل,إضافات,إضافات,إضافة صوص شوكولاتة,إضافة صوص شوكولاتة,15,0,5
سموذي توت مشكل,إضافات,إضافات,إضافة فانيليا,إضافة فانيليا,15,0,5
سموذي توت مشكل,إضافات,إضافات,إضافة بندق,إضافة بندق,25,0,5
سموذي توت مشكل,إضافات,إضافات,إضافة كراميل,إضافة كراميل,20,0,5
سموذي توت مشكل,إضافات,إضافات,إضافة مارشميلو,إضافة مارشميلو,15,0,5
سموذي توت مشكل,إضافات,إضافات,إضافة قرفة,إضافة قرفة,15,0,5
سموذي توت مشكل,إضافات,إضافات,إضافة لوتس,إضافة لوتس,30,0,5
سموذي توت مشكل,إضافات,إضافات,إضافة أوريو,إضافة أوريو,30,0,5
سموذي أفوكادو,إضافات,إضافات,إضافة شوت اسبريسو,إضافة شوت اسبريسو,30,0,5
سموذي أفوكادو,إضافات,إضافات,إضافة لبن,إضافة لبن,20,0,5
سموذي أفوكادو,إضافات,إضافات,إضافة كريمة,إضافة كريمة,20,0,5
سموذي أفوكادو,إضافات,إضافات,إضافة صوص كراميل,إضافة صوص كراميل,15,0,5
سموذي أفوكادو,إضافات,إضافات,إضافة صوص شوكولاتة,إضافة صوص شوكولاتة,15,0,5
سموذي أفوكادو,إضافات,إضافات,إضافة فانيليا,إضافة فانيليا,15,0,5
سموذي أفوكادو,إضافات,إضافات,إضافة بندق,إضافة بندق,25,0,5
سموذي أفوكادو,إضافات,إضافات,إضافة كراميل,إضافة كراميل,20,0,5
سموذي أفوكادو,إضافات,إضافات,إضافة مارشميلو,إضافة مارشميلو,15,0,5
سموذي أفوكادو,إضافات,إضافات,إضافة قرفة,إضافة قرفة,15,0,5
سموذي أفوكادو,إضافات,إضافات,إضافة لوتس,إضافة لوتس,30,0,5
سموذي أفوكادو,إضافات,إضافات,إضافة أوريو,إضافة أوريو,30,0,5
سموذي تمر,إضافات,إضافات,إضافة شوت اسبريسو,إضافة شوت اسبريسو,30,0,5
سموذي تمر,إضافات,إضافات,إضافة لبن,إضافة لبن,20,0,5
سموذي تمر,إضافات,إضافات,إضافة كريمة,إضافة كريمة,20,0,5
سموذي تمر,إضافات,إضافات,إضافة صوص كراميل,إضافة صوص كراميل,15,0,5
سموذي تمر,إضافات,إضافات,إضافة صوص شوكولاتة,إضافة صوص شوكولاتة,15,0,5
سموذي تمر,إضافات,إضافات,إضافة فانيليا,إضافة فانيليا,15,0,5
سموذي تمر,إضافات,إضافات,إضافة بندق,إضافة بندق,25,0,5
سموذي تمر,إضافات,إضافات,إضافة كراميل,إضافة كراميل,20,0,5
سموذي تمر,إضافات,إضافات,إضافة مارشميلو,إضافة مارشميلو,15,0,5
سموذي تمر,إضافات,إضافات,إضافة قرفة,إضافة قرفة,15,0,5
سموذي تمر,إضافات,إضافات,إضافة لوتس,إضافة لوتس,30,0,5
سموذي تمر,إضافات,إضافات,إضافة أوريو,إضافة أوريو,30,0,5
سموذي قهوة,إضافات,إضافات,إضافة شوت اسبريسو,إضافة شوت اسبريسو,30,0,5
سموذي قهوة,إضافات,إضافات,إضافة لبن,إضافة لبن,20,0,5
سموذي قهوة,إضافات,إضافات,إضافة كريمة,إضافة كريمة,20,0,5
سموذي قهوة,إضافات,إضافات,إضافة صوص كراميل,إضافة صوص كراميل,15,0,5
سموذي قهوة,إضافات,إضافات,إضافة صوص شوكولاتة,إضافة صوص شوكولاتة,15,0,5
سموذي قهوة,إضافات,إضافات,إضافة فانيليا,إضافة فانيليا,15,0,5
سموذي قهوة,إضافات,إضافات,إضافة بندق,إضافة بندق,25,0,5
سموذي قهوة,إضافات,إضافات,إضافة كراميل,إضافة كراميل,20,0,5
سموذي قهوة,إضافات,إضافات,إضافة مارشميلو,إضافة مارشميلو,15,0,5
سموذي قهوة,إضافات,إضافات,إضافة قرفة,إضافة قرفة,15,0,5
سموذي قهوة,إضافات,إضافات,إضافة لوتس,إضافة لوتس,30,0,5
سموذي قهوة,إضافات,إضافات,إضافة أوريو,إضافة أوريو,30,0,5
موهيتو كلاسيك,إضافات,إضافات,إضافة شوت اسبريسو,إضافة شوت اسبريسو,30,0,5
موهيتو كلاسيك,إضافات,إضافات,إضافة لبن,إضافة لبن,20,0,5
موهيتو كلاسيك,إضافات,إضافات,إضافة كريمة,إضافة كريمة,20,0,5
موهيتو كلاسيك,إضافات,إضافات,إضافة صوص كراميل,إضافة صوص كراميل,15,0,5
موهيتو كلاسيك,إضافات,إضافات,إضافة صوص شوكولاتة,إضافة صوص شوكولاتة,15,0,5
موهيتو كلاسيك,إضافات,إضافات,إضافة فانيليا,إضافة فانيليا,15,0,5
موهيتو كلاسيك,إضافات,إضافات,إضافة بندق,إضافة بندق,25,0,5
موهيتو كلاسيك,إضافات,إضافات,إضافة كراميل,إضافة كراميل,20,0,5
موهيتو كلاسيك,إضافات,إضافات,إضافة مارشميلو,إضافة مارشميلو,15,0,5
موهيتو كلاسيك,إضافات,إضافات,إضافة قرفة,إضافة قرفة,15,0,5
موهيتو كلاسيك,إضافات,إضافات,إضافة لوتس,إضافة لوتس,30,0,5
موهيتو كلاسيك,إضافات,إضافات,إضافة أوريو,إضافة أوريو,30,0,5
موهيتو فراولة,إضافات,إضافات,إضافة شوت اسبريسو,إضافة شوت اسبريسو,30,0,5
موهيتو فراولة,إضافات,إضافات,إضافة لبن,إضافة لبن,20,0,5
موهيتو فراولة,إضافات,إضافات,إضافة كريمة,إضافة كريمة,20,0,5
موهيتو فراولة,إضافات,إضافات,إضافة صوص كراميل,إضافة صوص كراميل,15,0,5
موهيتو فراولة,إضافات,إضافات,إضافة صوص شوكولاتة,إضافة صوص شوكولاتة,15,0,5
موهيتو فراولة,إضافات,إضافات,إضافة فانيليا,إضافة فانيليا,15,0,5
موهيتو فراولة,إضافات,إضافات,إضافة بندق,إضافة بندق,25,0,5
موهيتو فراولة,إضافات,إضافات,إضافة كراميل,إضافة كراميل,20,0,5
موهيتو فراولة,إضافات,إضافات,إضافة مارشميلو,إضافة مارشميلو,15,0,5
موهيتو فراولة,إضافات,إضافات,إضافة قرفة,إضافة قرفة,15,0,5
موهيتو فراولة,إضافات,إضافات,إضافة لوتس,إضافة لوتس,30,0,5
موهيتو فراولة,إضافات,إضافات,إضافة أوريو,إضافة أوريو,30,0,5
موهيتو مانجو,إضافات,إضافات,إضافة شوت اسبريسو,إضافة شوت اسبريسو,30,0,5
موهيتو مانجو,إضافات,إضافات,إضافة لبن,إضافة لبن,20,0,5
موهيتو مانجو,إضافات,إضافات,إضافة كريمة,إضافة كريمة,20,0,5
موهيتو مانجو,إضافات,إضافات,إضافة صوص كراميل,إضافة صوص كراميل,15,0,5
موهيتو مانجو,إضافات,إضافات,إضافة صوص شوكولاتة,إضافة صوص شوكولاتة,15,0,5
موهيتو مانجو,إضافات,إضافات,إضافة فانيليا,إضافة فانيليا,15,0,5
موهيتو مانجو,إضافات,إضافات,إضافة بندق,إضافة بندق,25,0,5
موهيتو مانجو,إضافات,إضافات,إضافة كراميل,إضافة كراميل,20,0,5
موهيتو مانجو,إضافات,إضافات,إضافة مارشميلو,إضافة مارشميلو,15,0,5
موهيتو مانجو,إضافات,إضافات,إضافة قرفة,إضافة قرفة,15,0,5
موهيتو مانجو,إضافات,إضافات,إضافة لوتس,إضافة لوتس,30,0,5
موهيتو مانجو,إضافات,إضافات,إضافة أوريو,إضافة أوريو,30,0,5
موهيتو باشن,إضافات,إضافات,إضافة شوت اسبريسو,إضافة شوت اسبريسو,30,0,5
موهيتو باشن,إضافات,إضافات,إضافة لبن,إضافة لبن,20,0,5
موهيتو باشن,إضافات,إضافات,إضافة كريمة,إضافة كريمة,20,0,5
موهيتو باشن,إضافات,إضافات,إضافة صوص كراميل,إضافة صوص كراميل,15,0,5
موهيتو باشن,إضافات,إضافات,إضافة صوص شوكولاتة,إضافة صوص شوكولاتة,15,0,5
موهيتو باشن,إضافات,إضافات,إضافة فانيليا,إضافة فانيليا,15,0,5
موهيتو باشن,إضافات,إضافات,إضافة بندق,إضافة بندق,25,0,5
موهيتو باشن,إضافات,إضافات,إضافة كراميل,إضافة كراميل,20,0,5
موهيتو باشن,إضافات,إضافات,إضافة مارشميلو,إضافة مارشميلو,15,0,5
موهيتو باشن,إضافات,إضافات,إضافة قرفة,إضافة قرفة,15,0,5
موهيتو باشن,إضافات,إضافات,إضافة لوتس,إضافة لوتس,30,0,5
موهيتو باشن,إضافات,إضافات,إضافة أوريو,إضافة أوريو,30,0,5
موهيتو توت,إضافات,إضافات,إضافة شوت اسبريسو,إضافة شوت اسبريسو,30,0,5
موهيتو توت,إضافات,إضافات,إضافة لبن,إضافة لبن,20,0,5
موهيتو توت,إضافات,إضافات,إضافة كريمة,إضافة كريمة,20,0,5
موهيتو توت,إضافات,إضافات,إضافة صوص كراميل,إضافة صوص كراميل,15,0,5
موهيتو توت,إضافات,إضافات,إضافة صوص شوكولاتة,إضافة صوص شوكولاتة,15,0,5
موهيتو توت,إضافات,إضافات,إضافة فانيليا,إضافة فانيليا,15,0,5
موهيتو توت,إضافات,إضافات,إضافة بندق,إضافة بندق,25,0,5
موهيتو توت,إضافات,إضافات,إضافة كراميل,إضافة كراميل,20,0,5
موهيتو توت,إضافات,إضافات,إضافة مارشميلو,إضافة مارشميلو,15,0,5
موهيتو توت,إضافات,إضافات,إضافة قرفة,إضافة قرفة,15,0,5
موهيتو توت,إضافات,إضافات,إضافة لوتس,إضافة لوتس,30,0,5
موهيتو توت,إضافات,إضافات,إضافة أوريو,إضافة أوريو,30,0,5
موهيتو نعناع,إضافات,إضافات,إضافة شوت اسبريسو,إضافة شوت اسبريسو,30,0,5
موهيتو نعناع,إضافات,إضافات,إضافة لبن,إضافة لبن,20,0,5
موهيتو نعناع,إضافات,إضافات,إضافة كريمة,إضافة كريمة,20,0,5
موهيتو نعناع,إضافات,إضافات,إضافة صوص كراميل,إضافة صوص كراميل,15,0,5
موهيتو نعناع,إضافات,إضافات,إضافة صوص شوكولاتة,إضافة صوص شوكولاتة,15,0,5
موهيتو نعناع,إضافات,إضافات,إضافة فانيليا,إضافة فانيليا,15,0,5
موهيتو نعناع,إضافات,إضافات,إضافة بندق,إضافة بندق,25,0,5
موهيتو نعناع,إضافات,إضافات,إضافة كراميل,إضافة كراميل,20,0,5
موهيتو نعناع,إضافات,إضافات,إضافة مارشميلو,إضافة مارشميلو,15,0,5
موهيتو نعناع,إضافات,إضافات,إضافة قرفة,إضافة قرفة,15,0,5
موهيتو نعناع,إضافات,إضافات,إضافة لوتس,إضافة لوتس,30,0,5
موهيتو نعناع,إضافات,إضافات,إضافة أوريو,إضافة أوريو,30,0,5
موهيتو ليمون,إضافات,إضافات,إضافة شوت اسبريسو,إضافة شوت اسبريسو,30,0,5
موهيتو ليمون,إضافات,إضافات,إضافة لبن,إضافة لبن,20,0,5
موهيتو ليمون,إضافات,إضافات,إضافة كريمة,إضافة كريمة,20,0,5
موهيتو ليمون,إضافات,إضافات,إضافة صوص كراميل,إضافة صوص كراميل,15,0,5
موهيتو ليمون,إضافات,إضافات,إضافة صوص شوكولاتة,إضافة صوص شوكولاتة,15,0,5
موهيتو ليمون,إضافات,إضافات,إضافة فانيليا,إضافة فانيليا,15,0,5
موهيتو ليمون,إضافات,إضافات,إضافة بندق,إضافة بندق,25,0,5
موهيتو ليمون,إضافات,إضافات,إضافة كراميل,إضافة كراميل,20,0,5
موهيتو ليمون,إضافات,إضافات,إضافة مارشميلو,إضافة مارشميلو,15,0,5
موهيتو ليمون,إضافات,إضافات,إضافة قرفة,إضافة قرفة,15,0,5
موهيتو ليمون,إضافات,إضافات,إضافة لوتس,إضافة لوتس,30,0,5
موهيتو ليمون,إضافات,إضافات,إضافة أوريو,إضافة أوريو,30,0,5
موهيتو خوخ,إضافات,إضافات,إضافة شوت اسبريسو,إضافة شوت اسبريسو,30,0,5
موهيتو خوخ,إضافات,إضافات,إضافة لبن,إضافة لبن,20,0,5
موهيتو خوخ,إضافات,إضافات,إضافة كريمة,إضافة كريمة,20,0,5
موهيتو خوخ,إضافات,إضافات,إضافة صوص كراميل,إضافة صوص كراميل,15,0,5
موهيتو خوخ,إضافات,إضافات,إضافة صوص شوكولاتة,إضافة صوص شوكولاتة,15,0,5
موهيتو خوخ,إضافات,إضافات,إضافة فانيليا,إضافة فانيليا,15,0,5
موهيتو خوخ,إضافات,إضافات,إضافة بندق,إضافة بندق,25,0,5
موهيتو خوخ,إضافات,إضافات,إضافة كراميل,إضافة كراميل,20,0,5
موهيتو خوخ,إضافات,إضافات,إضافة مارشميلو,إضافة مارشميلو,15,0,5
موهيتو خوخ,إضافات,إضافات,إضافة قرفة,إضافة قرفة,15,0,5
موهيتو خوخ,إضافات,إضافات,إضافة لوتس,إضافة لوتس,30,0,5
موهيتو خوخ,إضافات,إضافات,إضافة أوريو,إضافة أوريو,30,0,5
موهيتو كيوي,إضافات,إضافات,إضافة شوت اسبريسو,إضافة شوت اسبريسو,30,0,5
موهيتو كيوي,إضافات,إضافات,إضافة لبن,إضافة لبن,20,0,5
موهيتو كيوي,إضافات,إضافات,إضافة كريمة,إضافة كريمة,20,0,5
موهيتو كيوي,إضافات,إضافات,إضافة صوص كراميل,إضافة صوص كراميل,15,0,5
موهيتو كيوي,إضافات,إضافات,إضافة صوص شوكولاتة,إضافة صوص شوكولاتة,15,0,5
موهيتو كيوي,إضافات,إضافات,إضافة فانيليا,إضافة فانيليا,15,0,5
موهيتو كيوي,إضافات,إضافات,إضافة بندق,إضافة بندق,25,0,5
موهيتو كيوي,إضافات,إضافات,إضافة كراميل,إضافة كراميل,20,0,5
موهيتو كيوي,إضافات,إضافات,إضافة مارشميلو,إضافة مارشميلو,15,0,5
موهيتو كيوي,إضافات,إضافات,إضافة قرفة,إضافة قرفة,15,0,5
موهيتو كيوي,إضافات,إضافات,إضافة لوتس,إضافة لوتس,30,0,5
موهيتو كيوي,إضافات,إضافات,إضافة أوريو,إضافة أوريو,30,0,5
موهيتو أناناس,إضافات,إضافات,إضافة شوت اسبريسو,إضافة شوت اسبريسو,30,0,5
موهيتو أناناس,إضافات,إضافات,إضافة لبن,إضافة لبن,20,0,5
موهيتو أناناس,إضافات,إضافات,إضافة كريمة,إضافة كريمة,20,0,5
موهيتو أناناس,إضافات,إضافات,إضافة صوص كراميل,إضافة صوص كراميل,15,0,5
موهيتو أناناس,إضافات,إضافات,إضافة صوص شوكولاتة,إضافة صوص شوكولاتة,15,0,5
موهيتو أناناس,إضافات,إضافات,إضافة فانيليا,إضافة فانيليا,15,0,5
موهيتو أناناس,إضافات,إضافات,إضافة بندق,إضافة بندق,25,0,5
موهيتو أناناس,إضافات,إضافات,إضافة كراميل,إضافة كراميل,20,0,5
موهيتو أناناس,إضافات,إضافات,إضافة مارشميلو,إضافة مارشميلو,15,0,5
موهيتو أناناس,إضافات,إضافات,إضافة قرفة,إضافة قرفة,15,0,5
موهيتو أناناس,إضافات,إضافات,إضافة لوتس,إضافة لوتس,30,0,5
موهيتو أناناس,إضافات,إضافات,إضافة أوريو,إضافة أوريو,30,0,5
موهيتو بطيخ,إضافات,إضافات,إضافة شوت اسبريسو,إضافة شوت اسبريسو,30,0,5
موهيتو بطيخ,إضافات,إضافات,إضافة لبن,إضافة لبن,20,0,5
موهيتو بطيخ,إضافات,إضافات,إضافة كريمة,إضافة كريمة,20,0,5
موهيتو بطيخ,إضافات,إضافات,إضافة صوص كراميل,إضافة صوص كراميل,15,0,5
موهيتو بطيخ,إضافات,إضافات,إضافة صوص شوكولاتة,إضافة صوص شوكولاتة,15,0,5
موهيتو بطيخ,إضافات,إضافات,إضافة فانيليا,إضافة فانيليا,15,0,5
موهيتو بطيخ,إضافات,إضافات,إضافة بندق,إضافة بندق,25,0,5
موهيتو بطيخ,إضافات,إضافات,إضافة كراميل,إضافة كراميل,20,0,5
موهيتو بطيخ,إضافات,إضافات,إضافة مارشميلو,إضافة مارشميلو,15,0,5
موهيتو بطيخ,إضافات,إضافات,إضافة قرفة,إضافة قرفة,15,0,5
موهيتو بطيخ,إضافات,إضافات,إضافة لوتس,إضافة لوتس,30,0,5
موهيتو بطيخ,إضافات,إضافات,إضافة أوريو,إضافة أوريو,30,0,5
موهيتو تفاح,إضافات,إضافات,إضافة شوت اسبريسو,إضافة شوت اسبريسو,30,0,5
موهيتو تفاح,إضافات,إضافات,إضافة لبن,إضافة لبن,20,0,5
موهيتو تفاح,إضافات,إضافات,إضافة كريمة,إضافة كريمة,20,0,5
موهيتو تفاح,إضافات,إضافات,إضافة صوص كراميل,إضافة صوص كراميل,15,0,5
موهيتو تفاح,إضافات,إضافات,إضافة صوص شوكولاتة,إضافة صوص شوكولاتة,15,0,5
موهيتو تفاح,إضافات,إضافات,إضافة فانيليا,إضافة فانيليا,15,0,5
موهيتو تفاح,إضافات,إضافات,إضافة بندق,إضافة بندق,25,0,5
موهيتو تفاح,إضافات,إضافات,إضافة كراميل,إضافة كراميل,20,0,5
موهيتو تفاح,إضافات,إضافات,إضافة مارشميلو,إضافة مارشميلو,15,0,5
موهيتو تفاح,إضافات,إضافات,إضافة قرفة,إضافة قرفة,15,0,5
موهيتو تفاح,إضافات,إضافات,إضافة لوتس,إضافة لوتس,30,0,5
موهيتو تفاح,إضافات,إضافات,إضافة أوريو,إضافة أوريو,30,0,5
ريدبول,إضافات,إضافات,إضافة شوت اسبريسو,إضافة شوت اسبريسو,30,0,5
ريدبول,إضافات,إضافات,إضافة لبن,إضافة لبن,20,0,5
ريدبول,إضافات,إضافات,إضافة كريمة,إضافة كريمة,20,0,5
ريدبول,إضافات,إضافات,إضافة صوص كراميل,إضافة صوص كراميل,15,0,5
ريدبول,إضافات,إضافات,إضافة صوص شوكولاتة,إضافة صوص شوكولاتة,15,0,5
ريدبول,إضافات,إضافات,إضافة فانيليا,إضافة فانيليا,15,0,5
ريدبول,إضافات,إضافات,إضافة بندق,إضافة بندق,25,0,5
ريدبول,إضافات,إضافات,إضافة كراميل,إضافة كراميل,20,0,5
ريدبول,إضافات,إضافات,إضافة مارشميلو,إضافة مارشميلو,15,0,5
ريدبول,إضافات,إضافات,إضافة قرفة,إضافة قرفة,15,0,5
ريدبول,إضافات,إضافات,إضافة لوتس,إضافة لوتس,30,0,5
ريدبول,إضافات,إضافات,إضافة أوريو,إضافة أوريو,30,0,5
ريدبول (فراولة - توت - خوخ),إضافات,إضافات,إضافة شوت اسبريسو,إضافة شوت اسبريسو,30,0,5
ريدبول (فراولة - توت - خوخ),إضافات,إضافات,إضافة لبن,إضافة لبن,20,0,5
ريدبول (فراولة - توت - خوخ),إضافات,إضافات,إضافة كريمة,إضافة كريمة,20,0,5
ريدبول (فراولة - توت - خوخ),إضافات,إضافات,إضافة صوص كراميل,إضافة صوص كراميل,15,0,5
ريدبول (فراولة - توت - خوخ),إضافات,إضافات,إضافة صوص شوكولاتة,إضافة صوص شوكولاتة,15,0,5
ريدبول (فراولة - توت - خوخ),إضافات,إضافات,إضافة فانيليا,إضافة فانيليا,15,0,5
ريدبول (فراولة - توت - خوخ),إضافات,إضافات,إضافة بندق,إضافة بندق,25,0,5
ريدبول (فراولة - توت - خوخ),إضافات,إضافات,إضافة كراميل,إضافة كراميل,20,0,5
ريدبول (فراولة - توت - خوخ),إضافات,إضافات,إضافة مارشميلو,إضافة مارشميلو,15,0,5
ريدبول (فراولة - توت - خوخ),إضافات,إضافات,إضافة قرفة,إضافة قرفة,15,0,5
ريدبول (فراولة - توت - خوخ),إضافات,إضافات,إضافة لوتس,إضافة لوتس,30,0,5
ريدبول (فراولة - توت - خوخ),إضافات,إضافات,إضافة أوريو,إضافة أوريو,30,0,5
ميلك شيك فانيليا,إضافات,إضافات,إضافة شوت اسبريسو,إضافة شوت اسبريسو,30,0,5
ميلك شيك فانيليا,إضافات,إضافات,إضافة لبن,إضافة لبن,20,0,5
ميلك شيك فانيليا,إضافات,إضافات,إضافة كريمة,إضافة كريمة,20,0,5
ميلك شيك فانيليا,إضافات,إضافات,إضافة صوص كراميل,إضافة صوص كراميل,15,0,5
ميلك شيك فانيليا,إضافات,إضافات,إضافة صوص شوكولاتة,إضافة صوص شوكولاتة,15,0,5
ميلك شيك فانيليا,إضافات,إضافات,إضافة فانيليا,إضافة فانيليا,15,0,5
ميلك شيك فانيليا,إضافات,إضافات,إضافة بندق,إضافة بندق,25,0,5
ميلك شيك فانيليا,إضافات,إضافات,إضافة كراميل,إضافة كراميل,20,0,5
ميلك شيك فانيليا,إضافات,إضافات,إضافة مارشميلو,إضافة مارشميلو,15,0,5
ميلك شيك فانيليا,إضافات,إضافات,إضافة قرفة,إضافة قرفة,15,0,5
ميلك شيك فانيليا,إضافات,إضافات,إضافة لوتس,إضافة لوتس,30,0,5
ميلك شيك فانيليا,إضافات,إضافات,إضافة أوريو,إضافة أوريو,30,0,5
ميلك شيك شوكولاتة,إضافات,إضافات,إضافة شوت اسبريسو,إضافة شوت اسبريسو,30,0,5
ميلك شيك شوكولاتة,إضافات,إضافات,إضافة لبن,إضافة لبن,20,0,5
ميلك شيك شوكولاتة,إضافات,إضافات,إضافة كريمة,إضافة كريمة,20,0,5
ميلك شيك شوكولاتة,إضافات,إضافات,إضافة صوص كراميل,إضافة صوص كراميل,15,0,5
ميلك شيك شوكولاتة,إضافات,إضافات,إضافة صوص شوكولاتة,إضافة صوص شوكولاتة,15,0,5
ميلك شيك شوكولاتة,إضافات,إضافات,إضافة فانيليا,إضافة فانيليا,15,0,5
ميلك شيك شوكولاتة,إضافات,إضافات,إضافة بندق,إضافة بندق,25,0,5
ميلك شيك شوكولاتة,إضافات,إضافات,إضافة كراميل,إضافة كراميل,20,0,5
ميلك شيك شوكولاتة,إضافات,إضافات,إضافة مارشميلو,إضافة مارشميلو,15,0,5
ميلك شيك شوكولاتة,إضافات,إضافات,إضافة قرفة,إضافة قرفة,15,0,5
ميلك شيك شوكولاتة,إضافات,إضافات,إضافة لوتس,إضافة لوتس,30,0,5
ميلك شيك شوكولاتة,إضافات,إضافات,إضافة أوريو,إضافة أوريو,30,0,5
ميلك شيك فراولة,إضافات,إضافات,إضافة شوت اسبريسو,إضافة شوت اسبريسو,30,0,5
ميلك شيك فراولة,إضافات,إضافات,إضافة لبن,إضافة لبن,20,0,5
ميلك شيك فراولة,إضافات,إضافات,إضافة كريمة,إضافة كريمة,20,0,5
ميلك شيك فراولة,إضافات,إضافات,إضافة صوص كراميل,إضافة صوص كراميل,15,0,5
ميلك شيك فراولة,إضافات,إضافات,إضافة صوص شوكولاتة,إضافة صوص شوكولاتة,15,0,5
ميلك شيك فراولة,إضافات,إضافات,إضافة فانيليا,إضافة فانيليا,15,0,5
ميلك شيك فراولة,إضافات,إضافات,إضافة بندق,إضافة بندق,25,0,5
ميلك شيك فراولة,إضافات,إضافات,إضافة كراميل,إضافة كراميل,20,0,5
ميلك شيك فراولة,إضافات,إضافات,إضافة مارشميلو,إضافة مارشميلو,15,0,5
ميلك شيك فراولة,إضافات,إضافات,إضافة قرفة,إضافة قرفة,15,0,5
ميلك شيك فراولة,إضافات,إضافات,إضافة لوتس,إضافة لوتس,30,0,5
ميلك شيك فراولة,إضافات,إضافات,إضافة أوريو,إضافة أوريو,30,0,5
ميلك شيك مانجو,إضافات,إضافات,إضافة شوت اسبريسو,إضافة شوت اسبريسو,30,0,5
ميلك شيك مانجو,إضافات,إضافات,إضافة لبن,إضافة لبن,20,0,5
ميلك شيك مانجو,إضافات,إضافات,إضافة كريمة,إضافة كريمة,20,0,5
ميلك شيك مانجو,إضافات,إضافات,إضافة صوص كراميل,إضافة صوص كراميل,15,0,5
ميلك شيك مانجو,إضافات,إضافات,إضافة صوص شوكولاتة,إضافة صوص شوكولاتة,15,0,5
ميلك شيك مانجو,إضافات,إضافات,إضافة فانيليا,إضافة فانيليا,15,0,5
ميلك شيك مانجو,إضافات,إضافات,إضافة بندق,إضافة بندق,25,0,5
ميلك شيك مانجو,إضافات,إضافات,إضافة كراميل,إضافة كراميل,20,0,5
ميلك شيك مانجو,إضافات,إضافات,إضافة مارشميلو,إضافة مارشميلو,15,0,5
ميلك شيك مانجو,إضافات,إضافات,إضافة قرفة,إضافة قرفة,15,0,5
ميلك شيك مانجو,إضافات,إضافات,إضافة لوتس,إضافة لوتس,30,0,5
ميلك شيك مانجو,إضافات,إضافات,إضافة أوريو,إضافة أوريو,30,0,5
ميلك شيك كراميل,إضافات,إضافات,إضافة شوت اسبريسو,إضافة شوت اسبريسو,30,0,5
ميلك شيك كراميل,إضافات,إضافات,إضافة لبن,إضافة لبن,20,0,5
ميلك شيك كراميل,إضافات,إضافات,إضافة كريمة,إضافة كريمة,20,0,5
ميلك شيك كراميل,إضافات,إضافات,إضافة صوص كراميل,إضافة صوص كراميل,15,0,5
ميلك شيك كراميل,إضافات,إضافات,إضافة صوص شوكولاتة,إضافة صوص شوكولاتة,15,0,5
ميلك شيك كراميل,إضافات,إضافات,إضافة فانيليا,إضافة فانيليا,15,0,5
ميلك شيك كراميل,إضافات,إضافات,إضافة بندق,إضافة بندق,25,0,5
ميلك شيك كراميل,إضافات,إضافات,إضافة كراميل,إضافة كراميل,20,0,5
ميلك شيك كراميل,إضافات,إضافات,إضافة مارشميلو,إضافة مارشميلو,15,0,5
ميلك شيك كراميل,إضافات,إضافات,إضافة قرفة,إضافة قرفة,15,0,5
ميلك شيك كراميل,إضافات,إضافات,إضافة لوتس,إضافة لوتس,30,0,5
ميلك شيك كراميل,إضافات,إضافات,إضافة أوريو,إضافة أوريو,30,0,5
ميلك شيك لوتس,إضافات,إضافات,إضافة شوت اسبريسو,إضافة شوت اسبريسو,30,0,5
ميلك شيك لوتس,إضافات,إضافات,إضافة لبن,إضافة لبن,20,0,5
ميلك شيك لوتس,إضافات,إضافات,إضافة كريمة,إضافة كريمة,20,0,5
ميلك شيك لوتس,إضافات,إضافات,إضافة صوص كراميل,إضافة صوص كراميل,15,0,5
ميلك شيك لوتس,إضافات,إضافات,إضافة صوص شوكولاتة,إضافة صوص شوكولاتة,15,0,5
ميلك شيك لوتس,إضافات,إضافات,إضافة فانيليا,إضافة فانيليا,15,0,5
ميلك شيك لوتس,إضافات,إضافات,إضافة بندق,إضافة بندق,25,0,5
ميلك شيك لوتس,إضافات,إضافات,إضافة كراميل,إضافة كراميل,20,0,5
ميلك شيك لوتس,إضافات,إضافات,إضافة مارشميلو,إضافة مارشميلو,15,0,5
ميلك شيك لوتس,إضافات,إضافات,إضافة قرفة,إضافة قرفة,15,0,5
ميلك شيك لوتس,إضافات,إضافات,إضافة لوتس,إضافة لوتس,30,0,5
ميلك شيك لوتس,إضافات,إضافات,إضافة أوريو,إضافة أوريو,30,0,5
ميلك شيك أوريو,إضافات,إضافات,إضافة شوت اسبريسو,إضافة شوت اسبريسو,30,0,5
ميلك شيك أوريو,إضافات,إضافات,إضافة لبن,إضافة لبن,20,0,5
ميلك شيك أوريو,إضافات,إضافات,إضافة كريمة,إضافة كريمة,20,0,5
ميلك شيك أوريو,إضافات,إضافات,إضافة صوص كراميل,إضافة صوص كراميل,15,0,5
ميلك شيك أوريو,إضافات,إضافات,إضافة صوص شوكولاتة,إضافة صوص شوكولاتة,15,0,5
ميلك شيك أوريو,إضافات,إضافات,إضافة فانيليا,إضافة فانيليا,15,0,5
ميلك شيك أوريو,إضافات,إضافات,إضافة بندق,إضافة بندق,25,0,5
ميلك شيك أوريو,إضافات,إضافات,إضافة كراميل,إضافة كراميل,20,0,5
ميلك شيك أوريو,إضافات,إضافات,إضافة مارشميلو,إضافة مارشميلو,15,0,5
ميلك شيك أوريو,إضافات,إضافات,إضافة قرفة,إضافة قرفة,15,0,5
ميلك شيك أوريو,إضافات,إضافات,إضافة لوتس,إضافة لوتس,30,0,5
ميلك شيك أوريو,إضافات,إضافات,إضافة أوريو,إضافة أوريو,30,0,5
ميلك شيك كيوي,إضافات,إضافات,إضافة شوت اسبريسو,إضافة شوت اسبريسو,30,0,5
ميلك شيك كيوي,إضافات,إضافات,إضافة لبن,إضافة لبن,20,0,5
ميلك شيك كيوي,إضافات,إضافات,إضافة كريمة,إضافة كريمة,20,0,5
ميلك شيك كيوي,إضافات,إضافات,إضافة صوص كراميل,إضافة صوص كراميل,15,0,5
ميلك شيك كيوي,إضافات,إضافات,إضافة صوص شوكولاتة,إضافة صوص شوكولاتة,15,0,5
ميلك شيك كيوي,إضافات,إضافات,إضافة فانيليا,إضافة فانيليا,15,0,5
ميلك شيك كيوي,إضافات,إضافات,إضافة بندق,إضافة بندق,25,0,5
ميلك شيك كيوي,إضافات,إضافات,إضافة كراميل,إضافة كراميل,20,0,5
ميلك شيك كيوي,إضافات,إضافات,إضافة مارشميلو,إضافة مارشميلو,15,0,5
ميلك شيك كيوي,إضافات,إضافات,إضافة قرفة,إضافة قرفة,15,0,5
ميلك شيك كيوي,إضافات,إضافات,إضافة لوتس,إضافة لوتس,30,0,5
ميلك شيك كيوي,إضافات,إضافات,إضافة أوريو,إضافة أوريو,30,0,5
ميلك شيك قهوة,إضافات,إضافات,إضافة شوت اسبريسو,إضافة شوت اسبريسو,30,0,5
ميلك شيك قهوة,إضافات,إضافات,إضافة لبن,إضافة لبن,20,0,5
ميلك شيك قهوة,إضافات,إضافات,إضافة كريمة,إضافة كريمة,20,0,5
ميلك شيك قهوة,إضافات,إضافات,إضافة صوص كراميل,إضافة صوص كراميل,15,0,5
ميلك شيك قهوة,إضافات,إضافات,إضافة صوص شوكولاتة,إضافة صوص شوكولاتة,15,0,5
ميلك شيك قهوة,إضافات,إضافات,إضافة فانيليا,إضافة فانيليا,15,0,5
ميلك شيك قهوة,إضافات,إضافات,إضافة بندق,إضافة بندق,25,0,5
ميلك شيك قهوة,إضافات,إضافات,إضافة كراميل,إضافة كراميل,20,0,5
ميلك شيك قهوة,إضافات,إضافات,إضافة مارشميلو,إضافة مارشميلو,15,0,5
ميلك شيك قهوة,إضافات,إضافات,إضافة قرفة,إضافة قرفة,15,0,5
ميلك شيك قهوة,إضافات,إضافات,إضافة لوتس,إضافة لوتس,30,0,5
ميلك شيك قهوة,إضافات,إضافات,إضافة أوريو,إضافة أوريو,30,0,5
ميلك شيك بندق,إضافات,إضافات,إضافة شوت اسبريسو,إضافة شوت اسبريسو,30,0,5
ميلك شيك بندق,إضافات,إضافات,إضافة لبن,إضافة لبن,20,0,5
ميلك شيك بندق,إضافات,إضافات,إضافة كريمة,إضافة كريمة,20,0,5
ميلك شيك بندق,إضافات,إضافات,إضافة صوص كراميل,إضافة صوص كراميل,15,0,5
ميلك شيك بندق,إضافات,إضافات,إضافة صوص شوكولاتة,إضافة صوص شوكولاتة,15,0,5
ميلك شيك بندق,إضافات,إضافات,إضافة فانيليا,إضافة فانيليا,15,0,5
ميلك شيك بندق,إضافات,إضافات,إضافة بندق,إضافة بندق,25,0,5
ميلك شيك بندق,إضافات,إضافات,إضافة كراميل,إضافة كراميل,20,0,5
ميلك شيك بندق,إضافات,إضافات,إضافة مارشميلو,إضافة مارشميلو,15,0,5
ميلك شيك بندق,إضافات,إضافات,إضافة قرفة,إضافة قرفة,15,0,5
ميلك شيك بندق,إضافات,إضافات,إضافة لوتس,إضافة لوتس,30,0,5
ميلك شيك بندق,إضافات,إضافات,إضافة أوريو,إضافة أوريو,30,0,5
بينك أثينا,إضافات,إضافات,إضافة شوت اسبريسو,إضافة شوت اسبريسو,30,0,5
بينك أثينا,إضافات,إضافات,إضافة لبن,إضافة لبن,20,0,5
بينك أثينا,إضافات,إضافات,إضافة كريمة,إضافة كريمة,20,0,5
بينك أثينا,إضافات,إضافات,إضافة صوص كراميل,إضافة صوص كراميل,15,0,5
بينك أثينا,إضافات,إضافات,إضافة صوص شوكولاتة,إضافة صوص شوكولاتة,15,0,5
بينك أثينا,إضافات,إضافات,إضافة فانيليا,إضافة فانيليا,15,0,5
بينك أثينا,إضافات,إضافات,إضافة بندق,إضافة بندق,25,0,5
بينك أثينا,إضافات,إضافات,إضافة كراميل,إضافة كراميل,20,0,5
بينك أثينا,إضافات,إضافات,إضافة مارشميلو,إضافة مارشميلو,15,0,5
بينك أثينا,إضافات,إضافات,إضافة قرفة,إضافة قرفة,15,0,5
بينك أثينا,إضافات,إضافات,إضافة لوتس,إضافة لوتس,30,0,5
بينك أثينا,إضافات,إضافات,إضافة أوريو,إضافة أوريو,30,0,5
سانتوريني لافندر,إضافات,إضافات,إضافة شوت اسبريسو,إضافة شوت اسبريسو,30,0,5
سانتوريني لافندر,إضافات,إضافات,إضافة لبن,إضافة لبن,20,0,5
سانتوريني لافندر,إضافات,إضافات,إضافة كريمة,إضافة كريمة,20,0,5
سانتوريني لافندر,إضافات,إضافات,إضافة صوص كراميل,إضافة صوص كراميل,15,0,5
سانتوريني لافندر,إضافات,إضافات,إضافة صوص شوكولاتة,إضافة صوص شوكولاتة,15,0,5
سانتوريني لافندر,إضافات,إضافات,إضافة فانيليا,إضافة فانيليا,15,0,5
سانتوريني لافندر,إضافات,إضافات,إضافة بندق,إضافة بندق,25,0,5
سانتوريني لافندر,إضافات,إضافات,إضافة كراميل,إضافة كراميل,20,0,5
سانتوريني لافندر,إضافات,إضافات,إضافة مارشميلو,إضافة مارشميلو,15,0,5
سانتوريني لافندر,إضافات,إضافات,إضافة قرفة,إضافة قرفة,15,0,5
سانتوريني لافندر,إضافات,إضافات,إضافة لوتس,إضافة لوتس,30,0,5
سانتوريني لافندر,إضافات,إضافات,إضافة أوريو,إضافة أوريو,30,0,5
ميديترينيان صن ست,إضافات,إضافات,إضافة شوت اسبريسو,إضافة شوت اسبريسو,30,0,5
ميديترينيان صن ست,إضافات,إضافات,إضافة لبن,إضافة لبن,20,0,5
ميديترينيان صن ست,إضافات,إضافات,إضافة كريمة,إضافة كريمة,20,0,5
ميديترينيان صن ست,إضافات,إضافات,إضافة صوص كراميل,إضافة صوص كراميل,15,0,5
ميديترينيان صن ست,إضافات,إضافات,إضافة صوص شوكولاتة,إضافة صوص شوكولاتة,15,0,5
ميديترينيان صن ست,إضافات,إضافات,إضافة فانيليا,إضافة فانيليا,15,0,5
ميديترينيان صن ست,إضافات,إضافات,إضافة بندق,إضافة بندق,25,0,5
ميديترينيان صن ست,إضافات,إضافات,إضافة كراميل,إضافة كراميل,20,0,5
ميديترينيان صن ست,إضافات,إضافات,إضافة مارشميلو,إضافة مارشميلو,15,0,5
ميديترينيان صن ست,إضافات,إضافات,إضافة قرفة,إضافة قرفة,15,0,5
ميديترينيان صن ست,إضافات,إضافات,إضافة لوتس,إضافة لوتس,30,0,5
ميديترينيان صن ست,إضافات,إضافات,إضافة أوريو,إضافة أوريو,30,0,5
جريك جاردن موهيتو,إضافات,إضافات,إضافة شوت اسبريسو,إضافة شوت اسبريسو,30,0,5
جريك جاردن موهيتو,إضافات,إضافات,إضافة لبن,إضافة لبن,20,0,5
جريك جاردن موهيتو,إضافات,إضافات,إضافة كريمة,إضافة كريمة,20,0,5
جريك جاردن موهيتو,إضافات,إضافات,إضافة صوص كراميل,إضافة صوص كراميل,15,0,5
جريك جاردن موهيتو,إضافات,إضافات,إضافة صوص شوكولاتة,إضافة صوص شوكولاتة,15,0,5
جريك جاردن موهيتو,إضافات,إضافات,إضافة فانيليا,إضافة فانيليا,15,0,5
جريك جاردن موهيتو,إضافات,إضافات,إضافة بندق,إضافة بندق,25,0,5
جريك جاردن موهيتو,إضافات,إضافات,إضافة كراميل,إضافة كراميل,20,0,5
جريك جاردن موهيتو,إضافات,إضافات,إضافة مارشميلو,إضافة مارشميلو,15,0,5
جريك جاردن موهيتو,إضافات,إضافات,إضافة قرفة,إضافة قرفة,15,0,5
جريك جاردن موهيتو,إضافات,إضافات,إضافة لوتس,إضافة لوتس,30,0,5
جريك جاردن موهيتو,إضافات,إضافات,إضافة أوريو,إضافة أوريو,30,0,5
بلو ميكونوس,إضافات,إضافات,إضافة شوت اسبريسو,إضافة شوت اسبريسو,30,0,5
بلو ميكونوس,إضافات,إضافات,إضافة لبن,إضافة لبن,20,0,5
بلو ميكونوس,إضافات,إضافات,إضافة كريمة,إضافة كريمة,20,0,5
بلو ميكونوس,إضافات,إضافات,إضافة صوص كراميل,إضافة صوص كراميل,15,0,5
بلو ميكونوس,إضافات,إضافات,إضافة صوص شوكولاتة,إضافة صوص شوكولاتة,15,0,5
بلو ميكونوس,إضافات,إضافات,إضافة فانيليا,إضافة فانيليا,15,0,5
بلو ميكونوس,إضافات,إضافات,إضافة بندق,إضافة بندق,25,0,5
بلو ميكونوس,إضافات,إضافات,إضافة كراميل,إضافة كراميل,20,0,5
بلو ميكونوس,إضافات,إضافات,إضافة مارشميلو,إضافة مارشميلو,15,0,5
بلو ميكونوس,إضافات,إضافات,إضافة قرفة,إضافة قرفة,15,0,5
بلو ميكونوس,إضافات,إضافات,إضافة لوتس,إضافة لوتس,30,0,5
بلو ميكونوس,إضافات,إضافات,إضافة أوريو,إضافة أوريو,30,0,5
بيري بلوسوم,إضافات,إضافات,إضافة شوت اسبريسو,إضافة شوت اسبريسو,30,0,5
بيري بلوسوم,إضافات,إضافات,إضافة لبن,إضافة لبن,20,0,5
بيري بلوسوم,إضافات,إضافات,إضافة كريمة,إضافة كريمة,20,0,5
بيري بلوسوم,إضافات,إضافات,إضافة صوص كراميل,إضافة صوص كراميل,15,0,5
بيري بلوسوم,إضافات,إضافات,إضافة صوص شوكولاتة,إضافة صوص شوكولاتة,15,0,5
بيري بلوسوم,إضافات,إضافات,إضافة فانيليا,إضافة فانيليا,15,0,5
بيري بلوسوم,إضافات,إضافات,إضافة بندق,إضافة بندق,25,0,5
بيري بلوسوم,إضافات,إضافات,إضافة كراميل,إضافة كراميل,20,0,5
بيري بلوسوم,إضافات,إضافات,إضافة مارشميلو,إضافة مارشميلو,15,0,5
بيري بلوسوم,إضافات,إضافات,إضافة قرفة,إضافة قرفة,15,0,5
بيري بلوسوم,إضافات,إضافات,إضافة لوتس,إضافة لوتس,30,0,5
بيري بلوسوم,إضافات,إضافات,إضافة أوريو,إضافة أوريو,30,0,5
كلاود روزا,إضافات,إضافات,إضافة شوت اسبريسو,إضافة شوت اسبريسو,30,0,5
كلاود روزا,إضافات,إضافات,إضافة لبن,إضافة لبن,20,0,5
كلاود روزا,إضافات,إضافات,إضافة كريمة,إضافة كريمة,20,0,5
كلاود روزا,إضافات,إضافات,إضافة صوص كراميل,إضافة صوص كراميل,15,0,5
كلاود روزا,إضافات,إضافات,إضافة صوص شوكولاتة,إضافة صوص شوكولاتة,15,0,5
كلاود روزا,إضافات,إضافات,إضافة فانيليا,إضافة فانيليا,15,0,5
كلاود روزا,إضافات,إضافات,إضافة بندق,إضافة بندق,25,0,5
كلاود روزا,إضافات,إضافات,إضافة كراميل,إضافة كراميل,20,0,5
كلاود روزا,إضافات,إضافات,إضافة مارشميلو,إضافة مارشميلو,15,0,5
كلاود روزا,إضافات,إضافات,إضافة قرفة,إضافة قرفة,15,0,5
كلاود روزا,إضافات,إضافات,إضافة لوتس,إضافة لوتس,30,0,5
كلاود روزا,إضافات,إضافات,إضافة أوريو,إضافة أوريو,30,0,5
هاني ليمون بريز,إضافات,إضافات,إضافة شوت اسبريسو,إضافة شوت اسبريسو,30,0,5
هاني ليمون بريز,إضافات,إضافات,إضافة لبن,إضافة لبن,20,0,5
هاني ليمون بريز,إضافات,إضافات,إضافة كريمة,إضافة كريمة,20,0,5
هاني ليمون بريز,إضافات,إضافات,إضافة صوص كراميل,إضافة صوص كراميل,15,0,5
هاني ليمون بريز,إضافات,إضافات,إضافة صوص شوكولاتة,إضافة صوص شوكولاتة,15,0,5
هاني ليمون بريز,إضافات,إضافات,إضافة فانيليا,إضافة فانيليا,15,0,5
هاني ليمون بريز,إضافات,إضافات,إضافة بندق,إضافة بندق,25,0,5
هاني ليمون بريز,إضافات,إضافات,إضافة كراميل,إضافة كراميل,20,0,5
هاني ليمون بريز,إضافات,إضافات,إضافة مارشميلو,إضافة مارشميلو,15,0,5
هاني ليمون بريز,إضافات,إضافات,إضافة قرفة,إضافة قرفة,15,0,5
هاني ليمون بريز,إضافات,إضافات,إضافة لوتس,إضافة لوتس,30,0,5
هاني ليمون بريز,إضافات,إضافات,إضافة أوريو,إضافة أوريو,30,0,5
أوليف جاردن سانجريا,إضافات,إضافات,إضافة شوت اسبريسو,إضافة شوت اسبريسو,30,0,5
أوليف جاردن سانجريا,إضافات,إضافات,إضافة لبن,إضافة لبن,20,0,5
أوليف جاردن سانجريا,إضافات,إضافات,إضافة كريمة,إضافة كريمة,20,0,5
أوليف جاردن سانجريا,إضافات,إضافات,إضافة صوص كراميل,إضافة صوص كراميل,15,0,5
أوليف جاردن سانجريا,إضافات,إضافات,إضافة صوص شوكولاتة,إضافة صوص شوكولاتة,15,0,5
أوليف جاردن سانجريا,إضافات,إضافات,إضافة فانيليا,إضافة فانيليا,15,0,5
أوليف جاردن سانجريا,إضافات,إضافات,إضافة بندق,إضافة بندق,25,0,5
أوليف جاردن سانجريا,إضافات,إضافات,إضافة كراميل,إضافة كراميل,20,0,5
أوليف جاردن سانجريا,إضافات,إضافات,إضافة مارشميلو,إضافة مارشميلو,15,0,5
أوليف جاردن سانجريا,إضافات,إضافات,إضافة قرفة,إضافة قرفة,15,0,5
أوليف جاردن سانجريا,إضافات,إضافات,إضافة لوتس,إضافة لوتس,30,0,5
أوليف جاردن سانجريا,إضافات,إضافات,إضافة أوريو,إضافة أوريو,30,0,5
روزا دريم,إضافات,إضافات,إضافة شوت اسبريسو,إضافة شوت اسبريسو,30,0,5
روزا دريم,إضافات,إضافات,إضافة لبن,إضافة لبن,20,0,5
روزا دريم,إضافات,إضافات,إضافة كريمة,إضافة كريمة,20,0,5
روزا دريم,إضافات,إضافات,إضافة صوص كراميل,إضافة صوص كراميل,15,0,5
روزا دريم,إضافات,إضافات,إضافة صوص شوكولاتة,إضافة صوص شوكولاتة,15,0,5
روزا دريم,إضافات,إضافات,إضافة فانيليا,إضافة فانيليا,15,0,5
روزا دريم,إضافات,إضافات,إضافة بندق,إضافة بندق,25,0,5
روزا دريم,إضافات,إضافات,إضافة كراميل,إضافة كراميل,20,0,5
روزا دريم,إضافات,إضافات,إضافة مارشميلو,إضافة مارشميلو,15,0,5
روزا دريم,إضافات,إضافات,إضافة قرفة,إضافة قرفة,15,0,5
روزا دريم,إضافات,إضافات,إضافة لوتس,إضافة لوتس,30,0,5
روزا دريم,إضافات,إضافات,إضافة أوريو,إضافة أوريو,30,0,5
هوت شوكلت,إضافات,إضافات,إضافة شوت اسبريسو,إضافة شوت اسبريسو,30,0,5
هوت شوكلت,إضافات,إضافات,إضافة لبن,إضافة لبن,20,0,5
هوت شوكلت,إضافات,إضافات,إضافة كريمة,إضافة كريمة,20,0,5
هوت شوكلت,إضافات,إضافات,إضافة صوص كراميل,إضافة صوص كراميل,15,0,5
هوت شوكلت,إضافات,إضافات,إضافة صوص شوكولاتة,إضافة صوص شوكولاتة,15,0,5
هوت شوكلت,إضافات,إضافات,إضافة فانيليا,إضافة فانيليا,15,0,5
هوت شوكلت,إضافات,إضافات,إضافة بندق,إضافة بندق,25,0,5
هوت شوكلت,إضافات,إضافات,إضافة كراميل,إضافة كراميل,20,0,5
هوت شوكلت,إضافات,إضافات,إضافة مارشميلو,إضافة مارشميلو,15,0,5
هوت شوكلت,إضافات,إضافات,إضافة قرفة,إضافة قرفة,15,0,5
هوت شوكلت,إضافات,إضافات,إضافة لوتس,إضافة لوتس,30,0,5
هوت شوكلت,إضافات,إضافات,إضافة أوريو,إضافة أوريو,30,0,5
دارك شوكلت أورانج,إضافات,إضافات,إضافة شوت اسبريسو,إضافة شوت اسبريسو,30,0,5
دارك شوكلت أورانج,إضافات,إضافات,إضافة لبن,إضافة لبن,20,0,5
دارك شوكلت أورانج,إضافات,إضافات,إضافة كريمة,إضافة كريمة,20,0,5
دارك شوكلت أورانج,إضافات,إضافات,إضافة صوص كراميل,إضافة صوص كراميل,15,0,5
دارك شوكلت أورانج,إضافات,إضافات,إضافة صوص شوكولاتة,إضافة صوص شوكولاتة,15,0,5
دارك شوكلت أورانج,إضافات,إضافات,إضافة فانيليا,إضافة فانيليا,15,0,5
دارك شوكلت أورانج,إضافات,إضافات,إضافة بندق,إضافة بندق,25,0,5
دارك شوكلت أورانج,إضافات,إضافات,إضافة كراميل,إضافة كراميل,20,0,5
دارك شوكلت أورانج,إضافات,إضافات,إضافة مارشميلو,إضافة مارشميلو,15,0,5
دارك شوكلت أورانج,إضافات,إضافات,إضافة قرفة,إضافة قرفة,15,0,5
دارك شوكلت أورانج,إضافات,إضافات,إضافة لوتس,إضافة لوتس,30,0,5
دارك شوكلت أورانج,إضافات,إضافات,إضافة أوريو,إضافة أوريو,30,0,5
مينت شوكلت,إضافات,إضافات,إضافة شوت اسبريسو,إضافة شوت اسبريسو,30,0,5
مينت شوكلت,إضافات,إضافات,إضافة لبن,إضافة لبن,20,0,5
مينت شوكلت,إضافات,إضافات,إضافة كريمة,إضافة كريمة,20,0,5
مينت شوكلت,إضافات,إضافات,إضافة صوص كراميل,إضافة صوص كراميل,15,0,5
مينت شوكلت,إضافات,إضافات,إضافة صوص شوكولاتة,إضافة صوص شوكولاتة,15,0,5
مينت شوكلت,إضافات,إضافات,إضافة فانيليا,إضافة فانيليا,15,0,5
مينت شوكلت,إضافات,إضافات,إضافة بندق,إضافة بندق,25,0,5
مينت شوكلت,إضافات,إضافات,إضافة كراميل,إضافة كراميل,20,0,5
مينت شوكلت,إضافات,إضافات,إضافة مارشميلو,إضافة مارشميلو,15,0,5
مينت شوكلت,إضافات,إضافات,إضافة قرفة,إضافة قرفة,15,0,5
مينت شوكلت,إضافات,إضافات,إضافة لوتس,إضافة لوتس,30,0,5
مينت شوكلت,إضافات,إضافات,إضافة أوريو,إضافة أوريو,30,0,5
وايت شوكلت بيري,إضافات,إضافات,إضافة شوت اسبريسو,إضافة شوت اسبريسو,30,0,5
وايت شوكلت بيري,إضافات,إضافات,إضافة لبن,إضافة لبن,20,0,5
وايت شوكلت بيري,إضافات,إضافات,إضافة كريمة,إضافة كريمة,20,0,5
وايت شوكلت بيري,إضافات,إضافات,إضافة صوص كراميل,إضافة صوص كراميل,15,0,5
وايت شوكلت بيري,إضافات,إضافات,إضافة صوص شوكولاتة,إضافة صوص شوكولاتة,15,0,5
وايت شوكلت بيري,إضافات,إضافات,إضافة فانيليا,إضافة فانيليا,15,0,5
وايت شوكلت بيري,إضافات,إضافات,إضافة بندق,إضافة بندق,25,0,5
وايت شوكلت بيري,إضافات,إضافات,إضافة كراميل,إضافة كراميل,20,0,5
وايت شوكلت بيري,إضافات,إضافات,إضافة مارشميلو,إضافة مارشميلو,15,0,5
وايت شوكلت بيري,إضافات,إضافات,إضافة قرفة,إضافة قرفة,15,0,5
وايت شوكلت بيري,إضافات,إضافات,إضافة لوتس,إضافة لوتس,30,0,5
وايت شوكلت بيري,إضافات,إضافات,إضافة أوريو,إضافة أوريو,30,0,5
لوتس شوكلت,إضافات,إضافات,إضافة شوت اسبريسو,إضافة شوت اسبريسو,30,0,5
لوتس شوكلت,إضافات,إضافات,إضافة لبن,إضافة لبن,20,0,5
لوتس شوكلت,إضافات,إضافات,إضافة كريمة,إضافة كريمة,20,0,5
لوتس شوكلت,إضافات,إضافات,إضافة صوص كراميل,إضافة صوص كراميل,15,0,5
لوتس شوكلت,إضافات,إضافات,إضافة صوص شوكولاتة,إضافة صوص شوكولاتة,15,0,5
لوتس شوكلت,إضافات,إضافات,إضافة فانيليا,إضافة فانيليا,15,0,5
لوتس شوكلت,إضافات,إضافات,إضافة بندق,إضافة بندق,25,0,5
لوتس شوكلت,إضافات,إضافات,إضافة كراميل,إضافة كراميل,20,0,5
لوتس شوكلت,إضافات,إضافات,إضافة مارشميلو,إضافة مارشميلو,15,0,5
لوتس شوكلت,إضافات,إضافات,إضافة قرفة,إضافة قرفة,15,0,5
لوتس شوكلت,إضافات,إضافات,إضافة لوتس,إضافة لوتس,30,0,5
لوتس شوكلت,إضافات,إضافات,إضافة أوريو,إضافة أوريو,30,0,5
بينو جاردن شوكلت,إضافات,إضافات,إضافة شوت اسبريسو,إضافة شوت اسبريسو,30,0,5
بينو جاردن شوكلت,إضافات,إضافات,إضافة لبن,إضافة لبن,20,0,5
بينو جاردن شوكلت,إضافات,إضافات,إضافة كريمة,إضافة كريمة,20,0,5
بينو جاردن شوكلت,إضافات,إضافات,إضافة صوص كراميل,إضافة صوص كراميل,15,0,5
بينو جاردن شوكلت,إضافات,إضافات,إضافة صوص شوكولاتة,إضافة صوص شوكولاتة,15,0,5
بينو جاردن شوكلت,إضافات,إضافات,إضافة فانيليا,إضافة فانيليا,15,0,5
بينو جاردن شوكلت,إضافات,إضافات,إضافة بندق,إضافة بندق,25,0,5
بينو جاردن شوكلت,إضافات,إضافات,إضافة كراميل,إضافة كراميل,20,0,5
بينو جاردن شوكلت,إضافات,إضافات,إضافة مارشميلو,إضافة مارشميلو,15,0,5
بينو جاردن شوكلت,إضافات,إضافات,إضافة قرفة,إضافة قرفة,15,0,5
بينو جاردن شوكلت,إضافات,إضافات,إضافة لوتس,إضافة لوتس,30,0,5
بينو جاردن شوكلت,إضافات,إضافات,إضافة أوريو,إضافة أوريو,30,0,5
بينك روز لاتيه,السكر,السكر,سادة,سادة,0,0,1
بينك روز لاتيه,السكر,السكر,مظبوط,مظبوط,0,0,1
بينك روز لاتيه,السكر,السكر,زيادة,زيادة,0,0,1
بينك روز لاتيه,السكر,السكر,سكر خفيف,سكر خفيف,0,0,1
بينك روز لاتيه,إضافات,إضافات,إضافة شوت اسبريسو,إضافة شوت اسبريسو,30,0,5
بينك روز لاتيه,إضافات,إضافات,إضافة لبن,إضافة لبن,20,0,5
بينك روز لاتيه,إضافات,إضافات,إضافة كريمة,إضافة كريمة,20,0,5
بينك روز لاتيه,إضافات,إضافات,إضافة صوص كراميل,إضافة صوص كراميل,15,0,5
بينك روز لاتيه,إضافات,إضافات,إضافة صوص شوكولاتة,إضافة صوص شوكولاتة,15,0,5
بينك روز لاتيه,إضافات,إضافات,إضافة فانيليا,إضافة فانيليا,15,0,5
بينك روز لاتيه,إضافات,إضافات,إضافة بندق,إضافة بندق,25,0,5
بينك روز لاتيه,إضافات,إضافات,إضافة كراميل,إضافة كراميل,20,0,5
بينك روز لاتيه,إضافات,إضافات,إضافة مارشميلو,إضافة مارشميلو,15,0,5
بينك روز لاتيه,إضافات,إضافات,إضافة قرفة,إضافة قرفة,15,0,5
بينك روز لاتيه,إضافات,إضافات,إضافة لوتس,إضافة لوتس,30,0,5
بينك روز لاتيه,إضافات,إضافات,إضافة أوريو,إضافة أوريو,30,0,5
لافندر لاتيه,السكر,السكر,سادة,سادة,0,0,1
لافندر لاتيه,السكر,السكر,مظبوط,مظبوط,0,0,1
لافندر لاتيه,السكر,السكر,زيادة,زيادة,0,0,1
لافندر لاتيه,السكر,السكر,سكر خفيف,سكر خفيف,0,0,1
لافندر لاتيه,إضافات,إضافات,إضافة شوت اسبريسو,إضافة شوت اسبريسو,30,0,5
لافندر لاتيه,إضافات,إضافات,إضافة لبن,إضافة لبن,20,0,5
لافندر لاتيه,إضافات,إضافات,إضافة كريمة,إضافة كريمة,20,0,5
لافندر لاتيه,إضافات,إضافات,إضافة صوص كراميل,إضافة صوص كراميل,15,0,5
لافندر لاتيه,إضافات,إضافات,إضافة صوص شوكولاتة,إضافة صوص شوكولاتة,15,0,5
لافندر لاتيه,إضافات,إضافات,إضافة فانيليا,إضافة فانيليا,15,0,5
لافندر لاتيه,إضافات,إضافات,إضافة بندق,إضافة بندق,25,0,5
لافندر لاتيه,إضافات,إضافات,إضافة كراميل,إضافة كراميل,20,0,5
لافندر لاتيه,إضافات,إضافات,إضافة مارشميلو,إضافة مارشميلو,15,0,5
لافندر لاتيه,إضافات,إضافات,إضافة قرفة,إضافة قرفة,15,0,5
لافندر لاتيه,إضافات,إضافات,إضافة لوتس,إضافة لوتس,30,0,5
لافندر لاتيه,إضافات,إضافات,إضافة أوريو,إضافة أوريو,30,0,5
بلو باترفلاي لاتيه,السكر,السكر,سادة,سادة,0,0,1
بلو باترفلاي لاتيه,السكر,السكر,مظبوط,مظبوط,0,0,1
بلو باترفلاي لاتيه,السكر,السكر,زيادة,زيادة,0,0,1
بلو باترفلاي لاتيه,السكر,السكر,سكر خفيف,سكر خفيف,0,0,1
بلو باترفلاي لاتيه,إضافات,إضافات,إضافة شوت اسبريسو,إضافة شوت اسبريسو,30,0,5
بلو باترفلاي لاتيه,إضافات,إضافات,إضافة لبن,إضافة لبن,20,0,5
بلو باترفلاي لاتيه,إضافات,إضافات,إضافة كريمة,إضافة كريمة,20,0,5
بلو باترفلاي لاتيه,إضافات,إضافات,إضافة صوص كراميل,إضافة صوص كراميل,15,0,5
بلو باترفلاي لاتيه,إضافات,إضافات,إضافة صوص شوكولاتة,إضافة صوص شوكولاتة,15,0,5
بلو باترفلاي لاتيه,إضافات,إضافات,إضافة فانيليا,إضافة فانيليا,15,0,5
بلو باترفلاي لاتيه,إضافات,إضافات,إضافة بندق,إضافة بندق,25,0,5
بلو باترفلاي لاتيه,إضافات,إضافات,إضافة كراميل,إضافة كراميل,20,0,5
بلو باترفلاي لاتيه,إضافات,إضافات,إضافة مارشميلو,إضافة مارشميلو,15,0,5
بلو باترفلاي لاتيه,إضافات,إضافات,إضافة قرفة,إضافة قرفة,15,0,5
بلو باترفلاي لاتيه,إضافات,إضافات,إضافة لوتس,إضافة لوتس,30,0,5
بلو باترفلاي لاتيه,إضافات,إضافات,إضافة أوريو,إضافة أوريو,30,0,5
بيستاشيو لاتيه,السكر,السكر,سادة,سادة,0,0,1
بيستاشيو لاتيه,السكر,السكر,مظبوط,مظبوط,0,0,1
بيستاشيو لاتيه,السكر,السكر,زيادة,زيادة,0,0,1
بيستاشيو لاتيه,السكر,السكر,سكر خفيف,سكر خفيف,0,0,1
بيستاشيو لاتيه,إضافات,إضافات,إضافة شوت اسبريسو,إضافة شوت اسبريسو,30,0,5
بيستاشيو لاتيه,إضافات,إضافات,إضافة لبن,إضافة لبن,20,0,5
بيستاشيو لاتيه,إضافات,إضافات,إضافة كريمة,إضافة كريمة,20,0,5
بيستاشيو لاتيه,إضافات,إضافات,إضافة صوص كراميل,إضافة صوص كراميل,15,0,5
بيستاشيو لاتيه,إضافات,إضافات,إضافة صوص شوكولاتة,إضافة صوص شوكولاتة,15,0,5
بيستاشيو لاتيه,إضافات,إضافات,إضافة فانيليا,إضافة فانيليا,15,0,5
بيستاشيو لاتيه,إضافات,إضافات,إضافة بندق,إضافة بندق,25,0,5
بيستاشيو لاتيه,إضافات,إضافات,إضافة كراميل,إضافة كراميل,20,0,5
بيستاشيو لاتيه,إضافات,إضافات,إضافة مارشميلو,إضافة مارشميلو,15,0,5
بيستاشيو لاتيه,إضافات,إضافات,إضافة قرفة,إضافة قرفة,15,0,5
بيستاشيو لاتيه,إضافات,إضافات,إضافة لوتس,إضافة لوتس,30,0,5
بيستاشيو لاتيه,إضافات,إضافات,إضافة أوريو,إضافة أوريو,30,0,5
موكا لاتيه,السكر,السكر,سادة,سادة,0,0,1
موكا لاتيه,السكر,السكر,مظبوط,مظبوط,0,0,1
موكا لاتيه,السكر,السكر,زيادة,زيادة,0,0,1
موكا لاتيه,السكر,السكر,سكر خفيف,سكر خفيف,0,0,1
موكا لاتيه,إضافات,إضافات,إضافة شوت اسبريسو,إضافة شوت اسبريسو,30,0,5
موكا لاتيه,إضافات,إضافات,إضافة لبن,إضافة لبن,20,0,5
موكا لاتيه,إضافات,إضافات,إضافة كريمة,إضافة كريمة,20,0,5
موكا لاتيه,إضافات,إضافات,إضافة صوص كراميل,إضافة صوص كراميل,15,0,5
موكا لاتيه,إضافات,إضافات,إضافة صوص شوكولاتة,إضافة صوص شوكولاتة,15,0,5
موكا لاتيه,إضافات,إضافات,إضافة فانيليا,إضافة فانيليا,15,0,5
موكا لاتيه,إضافات,إضافات,إضافة بندق,إضافة بندق,25,0,5
موكا لاتيه,إضافات,إضافات,إضافة كراميل,إضافة كراميل,20,0,5
موكا لاتيه,إضافات,إضافات,إضافة مارشميلو,إضافة مارشميلو,15,0,5
موكا لاتيه,إضافات,إضافات,إضافة قرفة,إضافة قرفة,15,0,5
موكا لاتيه,إضافات,إضافات,إضافة لوتس,إضافة لوتس,30,0,5
موكا لاتيه,إضافات,إضافات,إضافة أوريو,إضافة أوريو,30,0,5